,ID,Module,KOs,MapKOs,Zscore,BGMean,BGStd,Zadjust,p
0,map02060,Phosphotransferase system (PTS),71,58,3.5704275637452003,0.40138155547042187,1.0630915962010572,2.9809717427917968,0.0
1,map05017,Spinocerebellar ataxia,116,49,-2.827137967339663,0.6761112363961401,0.9949062607014189,-3.521185203182838,0.0
2,map00590,Arachidonic acid metabolism,45,5,-0.3555062406331046,0.07293484520180604,1.1089558859695725,-0.3863463743287857,0.45999999999999996
3,map05203,Viral carcinogenesis,174,32,-2.777802134095338,0.45394544763073985,1.052371155562416,-3.0709199550409028,0.0
4,map04391,Hippo signaling pathway - fly,53,8,-0.9929757086251905,0.18383499764943348,1.0423227066482659,-1.1290272185078103,0.16000000000000003
5,map04142,Lysosome,105,22,-2.4870819241597264,0.47047355549962633,1.0174468938886871,-2.9068401480450357,0.0
6,map00562,Inositol phosphate metabolism,76,23,-1.0082027606829682,0.3405138025143086,1.1943308356793156,-1.1292654622202307,0.14
7,map00627,Aminobenzoate degradation,81,13,-0.6534760595791085,0.2541255912746589,1.0440816793718173,-0.8692822302943152,0.24
8,map04622,RIG-I-like receptor signaling pathway,53,4,-1.758590073626816,0.27027557152033566,0.9557308277126396,-2.122842108172713,0.020000000000000018
9,map03015,mRNA surveillance pathway,63,39,-2.7063785979287505,0.8058914623400923,1.075595036121369,-3.2654204810522405,0.0
10,map04932,Non-alcoholic fatty liver disease,125,31,-3.340438913274414,0.5589490529847929,1.0748602801854021,-3.627809156355283,0.0
11,map04137,Mitophagy - animal,60,13,-0.685488585413067,0.30215836161149406,1.0514295551314807,-0.9393372501318514,0.18000000000000005
12,map00364,Fluorobenzoate degradation,18,3,1.0165668718814125,-0.02274150034767253,1.4079160075579915,0.738189186464148,0.22
13,map00220,Arginine biosynthesis,59,38,1.627746048543228,0.6269781006776001,1.1443021836986853,0.8745661435608582,0.18
14,map03320,PPAR signaling pathway,63,8,-0.6590505540617718,0.04601651643776219,0.9976176539540393,-0.7067507954625838,0.33999999999999997
15,map04727,GABAergic synapse,69,10,1.0250270444224963,0.2041490313265544,1.078896699568972,0.7608494987739691,0.24
16,map00540,Lipopolysaccharide biosynthesis,62,47,2.545566759508984,0.6903139557729628,1.451192911017627,1.2784329289722436,0.12
17,map00513,Various types of N-glycan biosynthesis,52,28,-3.0137674000411003,0.4012971387600506,1.1416140989899326,-2.9914351459242683,0.0
18,map00520,Amino sugar and nucleotide sugar metabolism,147,89,2.219555625879859,1.0812732779359495,1.014686502285096,1.1218069279333798,0.16
19,map04720,Long-term potentiation,43,9,-1.0179216412787944,-0.058584779197560465,0.9992316311940336,-0.9600745534194836,0.14
20,map01522,Endocrine resistance,77,5,-0.771651006233102,0.2617895083987742,0.984564801507216,-1.04964194642124,0.12
21,map00270,Cysteine and methionine metabolism,117,69,1.1020764793230868,0.6966929511737449,0.945527199700916,0.42873809265092605,0.34
22,map04380,Osteoclast differentiation,99,4,-1.2229892925703558,0.1308505565636066,1.296973907834718,-1.0438450927622602,0.16000000000000003
23,map04013,MAPK signaling pathway - fly,84,10,-1.126884706492771,0.3223694721712605,1.1289457140439185,-1.2837235312872202,0.12
24,map05164,Influenza A,128,15,-1.1894983205570673,0.2713812915397862,1.1004715724325573,-1.3275032710455443,0.09999999999999998
25,map04664,Fc epsilon RI signaling pathway,47,5,-0.5443554848442673,-0.011003635578211728,0.9043970742485755,-0.5897319489994974,0.24
26,map04136,Autophagy - other,23,11,-0.6673956416710497,0.5180002646463376,1.0050849274868787,-1.1793987491995919,0.09999999999999998
27,map04212,Longevity regulating pathway - worm,57,14,-0.3354092506125022,0.2648090486221451,1.0059289160706109,-0.5966806298592526,0.28
28,map04914,Progesterone-mediated oocyte maturation,64,20,-2.232142643257274,0.18995487755489687,0.9075391438030938,-2.668862866523019,0.0
29,map01053,Biosynthesis of siderophore group nonribosomal peptides,37,12,-0.09893408790731972,0.16896436202910675,1.197698641080112,-0.2236776771282211,0.4
30,map04714,Thermogenesis,187,68,-5.97952277382975,0.8502998161091524,0.9279788478390367,-7.359890374487905,0.0
31,map04138,Autophagy - yeast,82,47,-1.1289760639431168,0.7572492382154091,1.1299842146408778,-1.6692492494313207,0.06000000000000005
32,map04146,Peroxisome,73,28,-2.346539535656693,0.45753414970677936,1.1051517376219377,-2.5372748283392017,0.020000000000000018
33,map04978,Mineral absorption,36,5,-1.0813873017003202,0.2114176381220382,1.0711950719752497,-1.2068809628095722,0.040000000000000036
34,map05146,Amoebiasis,87,7,0.054407670217704936,0.29229768553171154,1.0695850858413234,-0.22241336239920084,0.4
35,map05223,Non-small cell lung cancer,60,5,-0.5443554848442673,0.10655926143911433,0.9125451575715491,-0.7132959293933309,0.24
36,map04070,Phosphatidylinositol signaling system,55,12,-0.3990213062675662,0.38175702798121647,1.3450346053372748,-0.5804894023919913,0.30000000000000004
37,map00450,Selenocompound metabolism,33,20,0.8809387788520396,0.6226200534141239,0.9956524835871345,0.25944667411188055,0.4
38,map04730,Long-term depression,45,5,0.33595917308144824,-0.01630232791902375,1.1451235685898058,0.3076187676708761,0.38
39,map04510,Focal adhesion,149,10,-1.4357073922834147,0.27801788336266403,1.4953603327800782,-1.1460283104206934,0.14
40,map04115,p53 signaling pathway,67,4,-1.1092979021404645,0.11750794510744395,0.863777724599883,-1.420279560712435,0.07999999999999996
41,map04725,Cholinergic synapse,90,5,-0.13415329582911348,0.44910693301942184,1.1716641157088021,-0.4978049775772898,0.31999999999999995
42,map05205,Proteoglycans in cancer,165,15,-2.1703145999045836,0.5828551406677049,1.1107099179499915,-2.478747777505888,0.0
43,map05169,Epstein-Barr virus infection,172,25,-2.599635842751555,0.656585714076192,1.1183207474508374,-2.9117062920008947,0.0
44,map04972,Pancreatic secretion,69,5,-0.5304765006991125,0.4323049165287534,1.255640598952242,-0.7667651221466161,0.21999999999999997
45,map05170,Human immunodeficiency virus 1 infection,163,17,-2.248271364221761,0.36584810474763185,0.9453603327470318,-2.7652096014789134,0.0
46,map04012,ErbB signaling pathway,69,5,0.0978309412558518,0.21111356967843517,1.2077278364604647,-0.09379814309371655,0.42000000000000004
47,map05135,Yersinia infection,122,16,-2.3413694349540224,0.47502064929503623,1.1429608031757108,-2.4641178213843666,0.0
48,map04924,Renin secretion,50,4,-1.405000799530314,0.14769798477623552,1.1850127826736099,-1.3102801986687194,0.09999999999999998
49,map04920,Adipocytokine signaling pathway,53,4,-0.125177284585201,-0.10135872129696828,1.0387010430257138,-0.022931105584384277,0.38
50,map05142,Chagas disease,85,6,-0.23360341436194718,0.376070555106869,1.2036790690901837,-0.506508740680891,0.36
51,map04964,Proximal tubule bicarbonate reclamation,14,4,0.7064633085235933,0.25898290747745245,1.2113771361056247,0.369398090577073,0.32
52,map00430,Taurine and hypotaurine metabolism,24,14,-1.6362985565449328,0.34269138273705335,1.1021408859345774,-1.795587083772753,0.020000000000000018
53,map04650,Natural killer cell mediated cytotoxicity,93,7,-0.28924545979409333,0.27569798367829884,1.4216372702431246,-0.3973893026705589,0.33999999999999997
54,map04015,Rap1 signaling pathway,162,10,-2.546984605685958,0.33712923532705247,1.2784150224185473,-2.25600747052921,0.020000000000000018
55,map00770,Pantothenate and CoA biosynthesis,44,32,2.091027625525553,0.385824347467177,0.9865160309316142,1.728510459630414,0.04
56,map00511,Other glycan degradation,22,11,-0.17928447512642043,0.423290732689691,1.03236852928568,-0.5836822711295233,0.26
57,map05131,Shigellosis,205,44,-3.402023136924904,0.3488642894303844,1.1886918062382907,-3.1554751254029996,0.0
58,map00440,Phosphonate and phosphinate metabolism,43,17,-0.0373992160272515,0.3528169925172493,1.1081089696324697,-0.352146060756033,0.36
59,map04662,B cell receptor signaling pathway,58,5,-0.5579176979846036,0.015334521401994018,1.0572079792736144,-0.5422322103361982,0.4
60,map00405,Phenazine biosynthesis,16,6,-1.1819753533618436,0.43597403312490246,1.1479668036370125,-1.409404332390732,0.07999999999999996
61,map04152,AMPK signaling pathway,84,21,-1.0325045476282433,0.39906173619443863,0.9754049295372059,-1.467663572811661,0.07999999999999996
62,map04211,Longevity regulating pathway,68,10,0.10050551180161785,0.23010870687095314,1.1368929297672332,-0.1139977140115298,0.48
63,map03410,Base excision repair,43,30,1.3329377417237545,0.7253530304989135,1.0699347159991268,0.5678708262657558,0.26
64,map00785,Lipoic acid metabolism,11,4,1.2256863425452635,0.40771134045147706,1.3009778432138983,0.6287386110074592,0.24
65,map04966,Collecting duct acid secretion,17,9,-1.1264368688203035,0.20058706270514257,1.1082011916612557,-1.197457592999122,0.07999999999999996
66,map00720,Carbon fixation pathways in prokaryotes,106,58,2.5866589194611658,0.5184807305249938,1.2949299961793606,1.5971351308860322,0.1
67,map04390,Hippo signaling pathway,115,8,-0.7976799422942054,0.3367861064311015,0.9744552548521243,-1.164205378416749,0.09999999999999998
68,map01521,EGFR tyrosine kinase inhibitor resistance,67,6,-0.8102241301625532,0.4250351583418393,1.1212199586105913,-1.1017100427244606,0.14
69,map05322,Systemic lupus erythematosus,45,8,-1.7955763154992448,-0.017607761863588544,0.9716697308409166,-1.8298074924047913,0.040000000000000036
70,map04120,Ubiquitin mediated proteolysis,131,45,-2.6425304252022075,0.5961887385139019,1.1330923537879949,-2.8583011374923495,0.0
71,map04068,FoxO signaling pathway,102,11,-0.016755633461621972,0.5990948546934476,1.148183052327514,-0.536369603180139,0.24
72,map05150,Staphylococcus aureus infection,74,6,-0.9535505203440946,0.04734391270356715,1.1136735805351083,-0.898732313077538,0.18000000000000005
73,map00541,O-Antigen nucleotide sugar biosynthesis,96,38,0.13511507962049898,0.7616097024613996,0.9737340947254679,-0.6433939473152913,0.26
74,map00930,Caprolactam degradation,22,7,-2.0947721324568036,0.26239114213416603,1.032914220616052,-2.2820513335416246,0.020000000000000018
75,map01502,Vancomycin resistance,22,17,-0.2723271941713311,0.26982755490912297,1.1306419888937975,-0.4795105386196473,0.30000000000000004
76,map00903,Limonene and pinene degradation,12,4,-1.2488829402209838,-0.053241544175947994,1.0363395738739083,-1.1537158535552652,0.19999999999999996
77,map04072,Phospholipase D signaling pathway,108,13,-0.8493624251391976,0.6146542804176189,1.0071142922962013,-1.453674837856671,0.07999999999999996
78,map05219,Bladder cancer,38,3,0.786741893827998,0.09621354272430914,1.3329609578975459,0.5180409426190893,0.34
79,map05202,Transcriptional misregulation in cancer,162,7,-1.4517287915106694,0.3499108266471076,0.9659977249549159,-1.8650557569810646,0.040000000000000036
80,map04915,Estrogen signaling pathway,77,7,-1.2087473795880328,0.2452013396728919,1.0802404023903658,-1.345949212826713,0.07999999999999996
81,map04260,Cardiac muscle contraction,67,20,-2.439227888496881,0.19759493366665887,1.2789291286071944,-2.061742721455681,0.020000000000000018
82,map04916,Melanogenesis,67,5,-0.7263968528610608,0.48360268534042467,1.0641256874034455,-1.1370832905593926,0.12
83,map00040,Pentose and glucuronate interconversions,81,35,0.8231582198479369,0.3695383606928226,1.1476528954223781,0.395258758954436,0.34
84,map04917,Prolactin signaling pathway,57,5,0.27064590871266014,0.25322402406521805,1.2277975487781263,0.014189541805796832,0.46
85,map05225,Hepatocellular carcinoma,116,10,0.1455082203006202,0.5043585601082669,0.9808844874801547,-0.36584362826403344,0.42000000000000004
86,map01524,Platinum drug resistance,46,12,-1.7047277431862662,0.27074592398692904,1.179627239869038,-1.674659248622058,0.06000000000000005
87,map00600,Sphingolipid metabolism,47,19,-1.770272475915158,0.49140002380137865,1.2169354978337736,-1.8584982554477738,0.020000000000000018
88,map05206,MicroRNAs in cancer,245,14,-1.1256160627459773,0.428251779760269,1.1915553247026052,-1.3040668866081135,0.09999999999999998
89,map00401,Novobiocin biosynthesis,30,8,3.890809571945248,0.41620932421016865,1.1313980005128574,3.0710680469296032,0.0
90,map05212,Pancreatic cancer,63,5,-0.5870194146177851,0.2785426851539408,0.9349984574982219,-0.9257363932853034,0.24
91,map04621,NOD-like receptor signaling pathway,142,13,0.2700936424062374,0.2865694792914766,1.183462828337725,-0.013921718951140109,0.48
92,map00510,N-Glycan biosynthesis,45,29,-2.4742761628917216,0.7928027322399407,1.148225850045231,-2.8453277680544864,0.0
93,map04213,Longevity regulating pathway - multiple species,58,15,0.03370057954417469,0.4122947186006801,1.0569321321255014,-0.35820099280655676,0.33999999999999997
94,map00592,alpha-Linolenic acid metabolism,25,4,0.6331755368355673,0.11612234148795934,1.0272533839805298,0.5033355970501315,0.24
95,map05145,Toxoplasmosis,95,4,-0.8081783846945052,0.10217098175562488,0.9420670018457172,-0.9663318688230823,0.19999999999999996
96,map00740,Riboflavin metabolism,49,25,0.7518329882524205,0.2441661112343091,1.0815580409635073,0.4693847743629697,0.34
97,map05220,Chronic myeloid leukemia,63,4,-0.9265919905370719,-0.09628945446297431,0.871937727104207,-0.9522498112699124,0.19999999999999996
98,map03020,RNA polymerase,51,38,-3.195443072396566,0.37882311669911445,0.9472836787284575,-3.7731740442244623,0.0
99,map05165,Human papillomavirus infection,231,30,-2.025139626521351,0.46652037930389606,1.2524545770324684,-1.9894214540929045,0.020000000000000018
100,map02010,ABC transporters,515,311,7.353222955755242,1.1842215572962027,0.8210416399667695,7.5136279308668446,0.0
101,map04062,Chemokine signaling pathway,162,10,-1.1855135365468166,0.35515788581287183,1.1584813732477581,-1.329906080440875,0.07999999999999996
102,map01120,Microbial metabolism in diverse environments,1201,509,3.0872553194331025,2.1677453446258443,0.9358106649016055,0.9825812093132522,0.22
103,map02025,Biofilm formation - Pseudomonas aeruginosa,90,38,-1.236766356748806,0.5123416425777533,1.1833742910305087,-1.4780682769467612,0.07999999999999996
104,map00980,Metabolism of xenobiotics by cytochrome P450,34,6,1.6885683328404681,0.06078525233371454,1.049253860972236,1.5513720187776616,0.08
105,map00621,Dioxin degradation,31,5,1.2516171769393363,0.30843300472918034,0.9601259388423029,0.9823546412540682,0.16
106,map01503,Cationic antimicrobial peptide (CAMP) resistance,54,41,3.6360389448498727,0.3599825947691621,1.1811809485497127,2.7735431680498617,0.0
107,map04611,Platelet activation,90,7,-1.7074123268030537,0.19554318718523167,0.9939452035723738,-1.91454771062711,0.0
108,map00362,Benzoate degradation,106,27,0.18236759737403646,0.752044472875652,1.2714144544021775,-0.4480654388733366,0.36
109,map00900,Terpenoid backbone biosynthesis,58,34,0.750419656150575,0.29614145911656126,1.1037695007594162,0.4115698039504272,0.38
110,map05132,Salmonella infection,217,43,-2.3459706230446007,0.4012610212968665,1.250552151199392,-2.19681493627165,0.0
111,map00100,Steroid biosynthesis,34,16,-3.018633465918149,0.3514962092088389,1.1529699190643483,-2.9229987872206555,0.0
112,map05215,Prostate cancer,81,4,-0.7657959793759725,0.16707452106508222,1.1625631250646284,-0.80242567506964,0.21999999999999997
113,map05168,Herpes simplex virus 1 infection,148,12,-0.7314023871187953,0.40165292315025414,1.1633925404267924,-0.9739234788744531,0.16000000000000003
114,map00240,Pyrimidine metabolism,100,65,2.524741708461442,0.7465177117613867,1.0554463322019625,1.6848075950864998,0.06
115,map04666,Fc gamma R-mediated phagocytosis,64,19,-1.4297140047693657,0.2880373026787104,1.0221043180314895,-1.6806027302148183,0.020000000000000018
116,map00410,beta-Alanine metabolism,44,25,1.0136157095819962,0.6575214286702221,0.8260570724179239,0.43107709237264014,0.34
117,map00072,Synthesis and degradation of ketone bodies,8,7,0.6608381780152346,-0.008243234414487249,1.1335080296713984,0.5902749649013842,0.3
118,map04740,Olfactory transduction,25,3,-1.1626236250984645,0.13699052918623494,0.8920523675478829,-1.456881010088166,0.06000000000000005
119,map00330,Arginine and proline metabolism,108,57,1.030066045321265,0.5003461016116352,1.162648300378627,0.4556149469595591,0.28
120,map04111,Cell cycle - yeast,126,119,-4.001483831869468,0.9569232780148208,0.9791292304953504,-5.06409874759411,0.0
121,map00121,Secondary bile acid biosynthesis,15,7,1.2023191408548837,0.3129796540864262,1.3195408690472132,0.6739764622907157,0.22
122,map00140,Steroid hormone biosynthesis,46,3,-0.5797927000635549,0.18486761503443586,0.9665091531142798,-0.791156827262429,0.21999999999999997
123,map04370,VEGF signaling pathway,39,8,-1.1475954019891408,0.29072528082090976,1.051391735762175,-1.3680159676805743,0.06000000000000005
124,map00261,Monobactam biosynthesis,28,11,-1.4162231350315662,0.16423740112980176,1.0808838238082845,-1.4621927919995341,0.040000000000000036
125,map00260,"Glycine, serine and threonine metabolism",100,57,0.7026696952952407,0.8550389766871592,1.2053444067175343,-0.12641140618626973,0.5
126,map00310,Lysine degradation,89,31,-0.15115044120601995,0.7353501188325872,1.202197620562089,-0.7374000288106731,0.26
127,map04218,Cellular senescence,117,17,-1.6822589981194007,0.36379536371626875,1.161431695807258,-1.761665683158019,0.06000000000000005
128,map00680,Methane metabolism,190,111,3.4382881822789657,0.8796259156232782,1.1745294052789679,2.1784573933659566,0.0
129,map03018,RNA degradation,79,62,-0.5463208024850241,0.5681343564748346,1.136327498437879,-0.9807517291378686,0.14
130,map00561,Glycerolipid metabolism,90,39,0.17029628376315273,0.4460823955933641,0.9377280998969325,-0.2941002960885182,0.33999999999999997
131,map00591,Linoleic acid metabolism,25,3,-0.5961163892150497,0.3805626618042638,1.2556989544539068,-0.7777971364514381,0.24
132,map04962,Vasopressin-regulated water reabsorption,33,8,-1.315844194771051,0.14394470200279838,1.1742815648571592,-1.2431336235372303,0.12
133,map00760,Nicotinate and nicotinamide metabolism,97,38,0.16307010376971956,0.4971472763529799,0.9648366358093636,-0.3462525780885342,0.31999999999999995
134,map05133,Pertussis,79,14,-1.9850680627806765,0.31634672361694544,1.1864710599460238,-1.9397142198329898,0.040000000000000036
135,map04150,mTOR signaling pathway,117,25,-3.1107755487955266,0.33258836568023187,1.1617211905777187,-2.9640192004790658,0.0
136,map00970,Aminoacyl-tRNA biosynthesis,66,33,4.275732195306192,0.17529822934540604,1.027906624982986,3.989111332003193,0.0
137,map00250,"Alanine, aspartate and glutamate metabolism",70,49,1.9046211043148422,0.5375502045357357,1.0764682539819261,1.2699593273858494,0.12
138,map04214,Apoptosis - fly,56,8,0.48440895713474796,0.29896973481366323,1.1216970670574793,0.165320234640127,0.42
139,map03050,Proteasome,49,38,-2.920099051419446,0.5504119575365126,1.0167477916539511,-3.413345017755537,0.0
140,map01523,Antifolate resistance,26,6,-1.4363271570799785,0.32677406155377875,1.0705399350474667,-1.6469270887644027,0.06000000000000005
141,map04912,GnRH signaling pathway,64,10,-1.3398591959673463,0.06791987832738804,0.9769956787336687,-1.4409266130218967,0.09999999999999998
142,map00950,Isoquinoline alkaloid biosynthesis,62,9,1.3767646508159612,0.4567495302208482,0.8620874950221336,1.0671946013687303,0.2
143,map05204,Chemical carcinogenesis,38,4,1.3749151903211803,0.21435077541693906,1.1332056292844392,1.0241428253732534,0.12
144,map04350,TGF-beta signaling pathway,83,7,-1.3449629894062423,0.6664716807472331,1.0727499544732106,-1.8750265723769892,0.0
145,map03060,Protein export,39,37,0.4925222063112146,0.5234248665574538,0.9835785096369546,-0.03141860049142955,0.45999999999999996
146,map05152,Tuberculosis,131,19,-1.704529609366225,0.34387136982623134,1.14907396511582,-1.7826537206297155,0.020000000000000018
147,map00791,Atrazine degradation,16,6,-0.22303569957941186,-0.04925765821409987,0.9967569091157237,-0.1743434530285622,0.45999999999999996
148,map04626,Plant-pathogen interaction,86,10,0.7149515031431484,0.24012188406467583,1.0159712769867455,0.4673652000150662,0.34
149,map00290,"Valine, leucine and isoleucine biosynthesis",19,16,-0.31708986440507825,0.07361494994892638,0.8391364960840766,-0.4656034103834977,0.30000000000000004
150,map04713,Circadian entrainment,79,5,-0.9540535122143222,0.21428231841641399,1.206053449961948,-0.9687264114767037,0.18000000000000005
151,map00030,Pentose phosphate pathway,84,49,2.085878346564867,0.6816582584160047,1.113367558901806,1.2612367559316575,0.16
152,map00300,Lysine biosynthesis,47,36,-0.7158734532612347,0.6509598491623556,1.0393422800868093,-1.3150944867839187,0.09999999999999998
153,map03070,Bacterial secretion system,74,61,1.3714439203068356,0.545905153353722,1.0927708251372896,0.7554546186291142,0.32
154,map04670,Leukocyte transendothelial migration,75,6,-2.0565746312754545,0.36931111764494723,1.1349853657989073,-2.137371830528264,0.0
155,map04361,Axon regeneration,59,6,-1.1659665316465238,0.2829526532555471,1.3593902873198456,-1.0658595978044973,0.14
156,map00190,Oxidative phosphorylation,218,142,-2.1724002246326872,1.1593087807146616,1.0539199455930424,-3.161254343158475,0.0
157,map04971,Gastric acid secretion,50,4,-1.389837784276748,0.22608807296151157,1.1893784637825344,-1.3586305002523695,0.12
158,map05214,Glioma,54,6,-0.5076084361266766,0.24579346258121987,0.8053102283042962,-0.9355424434311476,0.21999999999999997
159,map04371,Apelin signaling pathway,104,12,-0.9191354457549513,0.6959099670426292,1.1780724294912321,-1.3709220013705452,0.07999999999999996
160,map05163,Human cytomegalovirus infection,192,13,-1.494631013449389,0.2660359025736921,1.0743130997533492,-1.6388768939216243,0.06000000000000005
161,map05167,Kaposi sarcoma-associated herpesvirus infection,169,13,-1.4466587155507065,-0.08735381645521388,1.075318501271946,-1.2640951471472237,0.12
162,map04140,Autophagy - animal,109,23,-0.986732439936323,0.3089534958079787,1.049895045167786,-1.2341099633794685,0.16000000000000003
163,map00730,Thiamine metabolism,36,25,2.1131904421676277,0.30581390329847274,1.2486508343318499,1.447463525571004,0.08
164,map00514,Other types of O-glycan biosynthesis,31,5,0.45905754394399695,0.18327492703294626,1.0789218519584733,0.2556094460506536,0.44
165,map05161,Hepatitis B,132,8,-0.745185049737573,0.050555301504118536,1.0505954503367867,-0.7574184249385462,0.21999999999999997
166,map00603,Glycosphingolipid biosynthesis - globo and isoglobo series,15,3,-0.584164555917874,0.2831927685235488,1.0213659094436716,-0.8492131139503806,0.21999999999999997
167,map04330,Notch signaling pathway,33,3,-1.92485944030172,-0.061936171120588156,0.8964418711087823,-2.0781305840577677,0.020000000000000018
168,map05032,Morphine addiction,64,4,-0.16924831866617673,0.2286351455287527,1.1301486846444557,-0.3520629361437547,0.4
169,map04112,Cell cycle - Caulobacter,31,15,0.23788666697181424,0.49888437616865305,1.0316073123122518,-0.2530010267296737,0.38
170,map03450,Non-homologous end-joining,19,12,-1.788373004339732,0.4338557224337414,1.189134892241287,-1.8687776645633585,0.040000000000000036
171,map04217,Necroptosis,96,17,-2.1326420318230768,0.4447874126141481,1.0287963657808084,-2.5052863036516233,0.0
172,map04530,Tight junction,106,21,-1.550583031626496,0.3679575175728545,1.0626015615535518,-1.8055126386172375,0.040000000000000036
173,map05213,Endometrial cancer,45,4,-1.4315546863729622,-0.07236123523843033,1.1646536162597567,-1.1670366469126956,0.07999999999999996
174,map00052,Galactose metabolism,77,46,2.239937881480483,0.7811254455308958,0.9919702547092215,1.4706211491968701,0.02
175,map01100,Metabolic pathways,4364,1813,3.427155598323124,3.892560051247061,1.0577123566964797,-0.4400104149085677,0.30000000000000004
176,map05226,Gastric cancer,108,6,-1.254701854617657,0.20483649521799563,1.1013031125169939,-1.3252830517294403,0.09999999999999998
177,map00780,Biotin metabolism,23,16,3.6771669364327373,0.45367820418475624,1.0047512079700605,3.208245689756896,0.0
178,map04657,IL-17 signaling pathway,81,6,-1.8485282257233653,-0.03209243001581015,0.9092950053563083,-1.99763089537238,0.020000000000000018
179,map04310,Wnt signaling pathway,119,12,-1.3196675280461072,0.35723544231679755,1.0375688738896354,-1.6161847300570376,0.09999999999999998
180,map04810,Regulation of actin cytoskeleton,163,21,-1.709491386162409,0.5693819298644259,1.202560491204126,-1.8950176167395913,0.020000000000000018
181,map01240,Biosynthesis of cofactors,375,254,5.718063554534075,1.431067993475453,0.9716034246431817,4.412289471533109,0.0
182,map04929,GnRH secretion,51,3,0.11645193496599363,-0.1055532259640075,1.0362596576234377,0.21423700063664416,0.44
183,map00860,Porphyrin and chlorophyll metabolism,129,55,3.307721047904783,0.610453423494085,1.0326564629544939,2.611969925306669,0.0
184,map04145,Phagosome,95,27,-2.256046015434113,0.5194899040369393,1.1424723198559432,-2.4294119614390532,0.0
185,map00480,Glutathione metabolism,56,25,1.4935277030638041,0.7330254035368067,1.3032011097346663,0.583564803502843,0.3
186,map04921,Oxytocin signaling pathway,112,14,-1.2475008678804331,0.5465231424604302,1.0973463636633543,-1.6348748852201391,0.040000000000000036
187,map00626,Naphthalene degradation,29,6,1.0923814886196603,0.19745751110264226,0.8879003365630831,1.0079103933906843,0.18
188,map04320,Dorso-ventral axis formation,28,3,-0.15213971089743328,0.2283022172074841,1.0197807743730676,-0.37306246368372886,0.31999999999999995
189,map04141,Protein processing in endoplasmic reticulum,144,66,-2.818370155026817,0.8480130456068972,0.9693984087232113,-3.7821221570424126,0.0
190,map00400,"Phenylalanine, tyrosine and tryptophan biosynthesis",71,48,1.037966774574036,0.7424084439013194,0.8081013357968538,0.36574414319123966,0.34
191,map00071,Fatty acid degradation,58,23,0.42085779210599794,0.5154320140946096,1.1384423263513161,-0.08307335365131763,0.45999999999999996
192,map00564,Glycerophospholipid metabolism,111,63,1.3218262278174666,0.40438815501346176,1.1203207403023137,0.8189066218272797,0.14
193,map04930,Type II diabetes mellitus,37,3,-0.95611200641574,0.23906934570927654,1.0039280668131707,-1.190504969065117,0.16000000000000003
194,map00061,Fatty acid biosynthesis,39,22,2.4129352793756507,0.27745545632073076,1.1563821621131831,1.846690387503492,0.0
195,map01200,Carbon metabolism,356,214,2.872089330274114,1.1919967012184756,1.3057571529200371,1.286680777737639,0.1
196,map03430,Mismatch repair,44,39,1.7432718755436403,0.4665998727694289,1.064372041436398,1.1994602949653854,0.1
197,map04624,Toll and Imd signaling pathway,57,5,-1.351780772054035,0.1883044284936572,1.2880424280581524,-1.1956789365001885,0.16000000000000003
198,map04660,T cell receptor signaling pathway,86,9,-1.467887955785673,0.3101308775147374,0.9977771734871681,-1.781979865390533,0.040000000000000036
199,map04933,AGE-RAGE signaling pathway in diabetic complications,76,6,-0.7306321353684042,0.18935897700762344,1.0770084031775777,-0.8542097811509266,0.26
200,map00053,Ascorbate and aldarate metabolism,55,19,-0.8356642561863321,0.557387043721784,1.3705436538369031,-1.0164224218675573,0.19999999999999996
201,map05221,Acute myeloid leukemia,57,3,-0.15213971089743328,0.170082861506127,1.084426914667715,-0.2971362735886117,0.38
202,map04340,Hedgehog signaling pathway,39,3,-0.639543222464593,0.19290542541858316,1.1866062609298031,-0.7015373804204307,0.21999999999999997
203,map00910,Nitrogen metabolism,65,38,0.2883976399461589,0.45546161402298646,1.0347647798901318,-0.16145116003519747,0.45999999999999996
204,map04130,SNARE interactions in vesicular transport,35,18,-3.891124542004232,0.1711393992246853,1.1677931471808949,-3.4785817599935447,0.0
205,map00750,Vitamin B6 metabolism,24,11,3.699877418012187,0.28605465039031297,1.19484260851023,2.8571317622145593,0.02
206,map05160,Hepatitis C,111,11,-0.17376542520483462,0.28485040672479606,1.0346264584032734,-0.4432670633973608,0.33999999999999997
207,map04922,Glucagon signaling pathway,57,18,-1.390581936623563,0.48429869729752506,1.0016861756168693,-1.871724577576883,0.020000000000000018
208,map00630,Glyoxylate and dicarboxylate metabolism,100,61,0.7081009447587475,0.9519249304118531,1.117781512119808,-0.21813206159646306,0.4
209,map02030,Bacterial chemotaxis,26,25,7.660054872673911,0.24631171246262432,1.1532114459511076,6.4287804168443925,0.0
210,map04520,Adherens junction,63,7,-1.226131515339392,0.21064093977889897,1.2319692954216392,-1.1662404740586967,0.06000000000000005
211,map02020,Two-component system,495,287,2.0285928132286952,1.6090874353322075,1.1066175072128812,0.3790879641449473,0.4
212,map05111,Biofilm formation - Vibrio cholerae,106,34,1.9639669519882672,0.6078594846397235,1.1592310146494142,1.1698336657759891,0.14
213,map00906,Carotenoid biosynthesis,49,3,-1.2699496469812541,-0.20079578428496675,1.11781505715642,-0.9564675800808046,0.14
214,map03030,DNA replication,60,53,0.8236998049863853,0.7325805170659653,1.1511925267024268,0.07915208430116359,0.42
215,map04935,"Growth hormone synthesis, secretion and action",91,6,-0.6250863676068541,0.26640677429925214,1.051714225217347,-0.8476572062357248,0.24
216,map00920,Sulfur metabolism,109,54,0.9687534862984849,0.7611590708701894,1.189799094945688,0.17447854542011712,0.32
217,map00051,Fructose and mannose metabolism,111,74,-0.7854667847049842,0.9693695774278903,1.1977912181682557,-1.465060300589355,0.12
218,map00380,Tryptophan metabolism,80,28,-0.4489078118020714,0.7097046270831753,1.1328920617244707,-1.022703290127768,0.16000000000000003
219,map05134,Legionellosis,69,15,-1.0888862449172083,0.36209863263382003,1.114069253706173,-1.3024189229924787,0.12
220,map04919,Thyroid hormone signaling pathway,91,15,-2.1107838283802374,0.18384127412971504,1.0432832171837783,-2.1994268332083653,0.0
221,map04934,Cushing syndrome,122,7,-0.6054794771941396,-0.08188307918555396,0.9815942378535588,-0.5334142946412646,0.26
222,map04625,C-type lectin receptor signaling pathway,82,8,-1.5898567524850762,0.4782077916559785,1.1412623712903642,-1.812085105200485,0.040000000000000036
223,map04710,Circadian rhythm,24,3,-1.5276769399291925,0.22420654620759303,1.2163529244961697,-1.4402756394591973,0.07999999999999996
224,map05230,Central carbon metabolism in cancer,49,12,0.4938555179238012,0.17596417697907477,0.9967760399614194,0.31891952474803725,0.38
225,map04071,Sphingolipid signaling pathway,82,17,-1.678856970891603,0.4697461074359632,1.1172783862552689,-1.9230686861570296,0.040000000000000036
226,map01501,beta-Lactam resistance,112,45,1.8508084060863776,0.4986276675348147,1.0652300991544208,1.2693790192606493,0.14
227,map04392,Hippo signaling pathway - multiple species,25,6,-0.622885804990114,0.22804750767611512,1.016359541521278,-0.8372365072625378,0.18000000000000005
228,map04113,Meiosis - yeast,103,98,-3.8388462406504993,1.1741919030080625,1.1021281790915542,-4.548507368526439,0.0
229,map04721,Synaptic vesicle cycle,55,18,-1.514048439655229,0.41664774346588956,1.2123783760702396,-1.5924864887306955,0.09999999999999998
230,map00982,Drug metabolism - cytochrome P450,25,7,1.2370989934095002,0.08203984784434691,1.0989200597493196,1.0510856866409737,0.14
231,map00670,One carbon pool by folate,37,24,0.3118175353949253,0.5789412750631582,1.076522530741822,-0.24813576310767999,0.38
232,map00633,Nitrotoluene degradation,22,13,2.003221749300633,0.2647744134494816,1.1891681937064544,1.461901979090677,0.06
233,map00960,"Tropane, piperidine and pyridine alkaloid biosynthesis",26,11,0.4239096454269,0.3394949468978895,0.9309374955199426,0.09067708512682006,0.4
234,map00473,D-Alanine metabolism,6,5,-0.1718071319457883,0.11173751079127829,1.0868898658122474,-0.26087706920072334,0.38
235,map04658,Th1 and Th2 cell differentiation,67,4,-1.2229892925703558,0.2020933877152572,1.028434506085698,-1.385681510930228,0.12
236,map04144,Endocytosis,168,58,-3.8543597390457425,0.3412476921939568,1.152917822255396,-3.6391209765775328,0.0
237,map05120,Epithelial cell signaling in Helicobacter pylori infection,91,18,-1.348695135506192,0.27346944528114603,1.0143643051282292,-1.5991932805465534,0.020000000000000018
238,map04064,NF-kappa B signaling pathway,97,3,-0.382343957713702,0.10856935656528117,1.0095662187680567,-0.4862616291559655,0.33999999999999997
239,map03008,Ribosome biogenesis in eukaryotes,82,66,-4.002779518747339,0.7109027103090636,0.9199158478845145,-5.124036334297563,0.0
240,map05110,Vibrio cholerae infection,49,20,-2.1565339522195606,0.28475186351200693,1.1041811017529966,-2.210946928774442,0.0
241,map00643,Styrene degradation,25,13,-2.1204287754220994,0.39477747819725745,1.0971502901902428,-2.292490168492073,0.0
242,map04110,Cell cycle,110,49,-3.543725503927684,0.635304217881645,1.0254355550349519,-4.075370413372186,0.0
243,map03440,Homologous recombination,72,47,1.7702500622803263,0.6964500866947531,1.2282963332471384,0.8742189865102531,0.22
244,map04114,Oocyte meiosis,79,32,-2.3956575834977025,0.30708919999035633,0.9067607503079068,-2.980661417656524,0.0
245,map04961,Endocrine and other factor-regulated calcium reabsorption,33,4,-0.25121485092268425,-0.04604498417026373,0.8745301139635614,-0.2346058340090153,0.45999999999999996
246,map00620,Pyruvate metabolism,109,82,3.272731015509515,0.59398134609035,1.1300834391198054,2.3703998985292434,0.02
247,map04341,Hedgehog signaling pathway - fly,24,5,-1.5575745234099356,0.378396752904857,1.0773900879867173,-1.796908378777159,0.020000000000000018
248,map03460,Fanconi anemia pathway,54,18,-1.5742955574468418,0.5853164074812439,1.2068910101139143,-1.789400987189595,0.06000000000000005
249,map00340,Histidine metabolism,47,28,1.0143776885370865,0.6665945504415912,1.1075720748052613,0.3140049717817635,0.4
250,map05010,Alzheimer disease,287,99,-5.124906249960113,0.7325343113252856,1.006376461606965,-5.820327466654314,0.0
251,map05022,Pathways of neurodegeneration - multiple diseases,368,115,-5.120378226826011,1.1475956526475026,0.9450525710361692,-6.632407626383384,0.0
252,map05031,Amphetamine addiction,46,9,-1.9123926693469262,-0.04875274485582609,0.9917015259065838,-1.8792347050060414,0.040000000000000036
253,map05211,Renal cell carcinoma,56,8,-1.210179341172427,0.340237674369247,0.9966849742107348,-1.5555737827485905,0.040000000000000036
254,map00361,Chlorocyclohexane and chlorobenzene degradation,41,4,-0.278877387451315,-0.09052071223339846,0.9938471162251202,-0.18952278689839366,0.43999999999999995
255,map04722,Neurotrophin signaling pathway,90,11,-1.9546255412818516,0.4062989477437632,1.1228888638280272,-2.1025451093859946,0.040000000000000036
256,map04976,Bile secretion,62,3,-0.9865161519201788,0.03357845365528221,1.0708601615724636,-0.9525936645897277,0.16000000000000003
257,map04910,Insulin signaling pathway,88,20,-1.339311193392746,0.38340034695286884,1.2048786532207674,-1.429780115815502,0.07999999999999996
258,map00622,Xylene degradation,34,8,0.784271542823199,0.05396331943123164,1.0642260998879867,0.6862340845322574,0.24
259,map00660,C5-Branched dibasic acid metabolism,29,14,1.2521236034200434,0.5508182249777637,1.2196674588065828,0.5749972038513607,0.28
260,map04011,MAPK signaling pathway - yeast,91,64,-2.2131536756670758,0.7136620417447423,1.0290262801602053,-2.844257502302228,0.0
261,map00640,Propanoate metabolism,110,72,1.0401073967506196,0.7126003460782477,1.2331694726571127,0.2655815424677127,0.32
262,map05224,Breast cancer,105,3,-0.15213971089743328,0.20610382563717336,0.9598226495714036,-0.37323930279679857,0.4
263,map04630,JAK-STAT signaling pathway,139,3,-0.35194772968016513,-0.06673233336648775,1.2021041030070976,-0.23726347460274277,0.48
264,map04270,Vascular smooth muscle contraction,95,7,-1.0093822786491422,0.402934298972237,1.0208585200325682,-1.3834596566587136,0.06000000000000005
265,map00350,Tyrosine metabolism,81,35,0.426111212806211,0.2703223718314634,1.1098152900936678,0.140373666109429,0.42
266,map04724,Glutamatergic synapse,88,9,0.6474453546286123,0.08160628197114278,0.9711214458880745,0.5826656130943737,0.32
267,map00650,Butanoate metabolism,99,61,2.9698819421850353,0.7217456390010271,1.1868689732135058,1.8941739601609682,0.04
268,map04151,PI3K-Akt signaling pathway,263,21,-1.5322652380473112,0.051053998140166715,0.8821247052649047,-1.794892747859275,0.020000000000000018
269,map04975,Fat digestion and absorption,28,4,-0.2344441452012432,-0.017665416692128944,0.976561042323692,-0.2219817493367307,0.45999999999999996
270,map04926,Relaxin signaling pathway,96,7,-0.6496802695432999,0.24617150862985704,1.1504086953579777,-0.7787247973594209,0.19999999999999996
271,map04210,Apoptosis,110,9,-1.4539334237902983,0.08658527408107033,1.2763904038596545,-1.2069337823388686,0.14
272,map04745,Phototransduction - fly,18,3,-1.423600728112877,0.04211088129429697,1.2140934159141856,-1.20724780333606,0.12
273,map05200,Pathways in cancer,417,27,-2.5317343159760557,0.4282137520880455,1.1375541458413914,-2.6020282892774103,0.0
274,map05020,Prion disease,209,93,-5.337923402232462,1.0071737899507756,0.9775948631326552,-6.490518139437316,0.0
275,map04928,"Parathyroid hormone synthesis, secretion and action",85,6,-0.49783919251065967,0.054306841552617245,1.1961448889437014,-0.46160464268745005,0.33999999999999997
276,map05171,Coronavirus disease - COVID-19,205,80,-5.369507303426827,0.6113560012705199,1.0628847688054386,-5.627010076942919,0.0
277,map04750,Inflammatory mediator regulation of TRP channels,68,5,-1.1562055069575774,0.24948523490993288,0.9255248718213687,-1.518803853537948,0.06000000000000005
278,map05210,Colorectal cancer,72,8,-1.9893675556108268,-0.07218323517230346,1.0710514827490145,-1.7900020226084574,0.040000000000000036
279,map00230,Purine metabolism,210,106,1.12708209845382,0.8898991428954329,1.1332837790224304,0.20928822943445002,0.38
280,map03040,Spliceosome,123,63,-3.3889674775400995,0.4243249766804339,1.0394342704828508,-3.668622983201368,0.0
281,map04723,Retrograde endocannabinoid signaling,119,16,-2.57945043370507,0.35068994223687183,0.995182854313306,-2.9443236117284104,0.0
282,map04020,Calcium signaling pathway,185,10,-0.9049762350353746,0.17542882783380237,1.0117274259959685,-1.067881560891364,0.14
283,map00571,Lipoarabinomannan (LAM) biosynthesis,14,4,-1.8375342290341292,0.30287911316716276,1.104738807147822,-1.9374836190713172,0.0
284,map00550,Peptidoglycan biosynthesis,51,36,3.0604935106012974,0.5673841000328644,1.2223113033061868,2.039668130225835,0.02
285,map04726,Serotonergic synapse,85,7,-0.7658032467030935,0.0176045571851055,1.0788954659898873,-0.726120211441821,0.21999999999999997
286,map04728,Dopaminergic synapse,84,14,-1.7939584497340177,0.43410401411920224,1.0503765157315463,-2.121203616496948,0.020000000000000018
287,map04550,Signaling pathways regulating pluripotency of stem cells,114,4,-0.8317730340369638,0.04739003624740069,1.2244646403937776,-0.7179979243840255,0.28
288,map05162,Measles,117,7,-0.39988871774054136,0.1806760355847047,1.2598197580807133,-0.46083159880720875,0.4
289,map00062,Fatty acid elongation,24,7,-1.8219702791029997,0.23880445049059934,1.192213750471805,-1.7285278992781885,0.020000000000000018
290,map00710,Carbon fixation in photosynthetic organisms,36,27,2.3103143614868396,0.6452703909189023,0.9448850294930008,1.7621656800524759,0.04
291,map00521,Streptomycin biosynthesis,20,11,1.1750255653546433,0.29644771356193705,1.2950304239351622,0.6784225571496642,0.24
292,map04066,HIF-1 signaling pathway,76,15,-0.6596482041885746,0.2794501420245474,1.10953002953217,-0.8463929062010966,0.18000000000000005
293,map04612,Antigen processing and presentation,46,4,-0.18820288585954462,0.10710047402894855,1.2458354441710666,-0.23703239562667702,0.43999999999999995
294,map04022,cGMP-PKG signaling pathway,121,8,-1.5856241706666887,0.14822434924636385,0.9262045106492729,-1.8719931721101404,0.06000000000000005
295,map00130,Ubiquinone and other terpenoid-quinone biosynthesis,59,34,2.0853312633389813,0.4922573685377259,1.1127967535834442,1.4315946642288593,0.08
296,map00360,Phenylalanine metabolism,77,48,-0.6411324107981694,0.8852328577693591,1.1971323939204694,-1.275017931449386,0.09999999999999998
297,map00625,Chloroalkane and chloroalkene degradation,43,11,1.1571554513196032,0.3948165346590355,0.869508253491535,0.8767471885394694,0.18
298,map04014,Ras signaling pathway,180,16,-1.7808850495839823,0.45748076025153833,1.1317042303843112,-1.9778717351576944,0.040000000000000036
299,map04139,Mitophagy - yeast,34,25,-0.9846063214859075,0.31573319792141236,1.0816693532184367,-1.2021598980670427,0.14
300,map04261,Adrenergic signaling in cardiomyocytes,95,10,-1.2985381182370324,0.24349118261872923,1.1508731239103163,-1.339877757868231,0.07999999999999996
301,map05235,PD-L1 expression and PD-1 checkpoint pathway in cancer,73,7,-0.4818537259840644,0.3816032103645787,1.0226414091348075,-0.8443398914182045,0.12
302,map04623,Cytosolic DNA-sensing pathway,51,14,-2.7406813372045216,0.3275150177630954,0.996752604086511,-3.0781924645980854,0.0
303,map00790,Folate biosynthesis,82,48,0.336864573051679,0.4822501831587235,1.2381265585894274,-0.11742386842317587,0.45999999999999996
304,map02026,Biofilm formation - Escherichia coli,61,43,2.6241060175078053,0.5760943966575129,1.1549564643700776,1.7732370734573915,0.04
305,map00531,Glycosaminoglycan degradation,15,5,-0.5238284612468409,0.3300348362525891,1.0312149275345421,-0.8280168126938102,0.21999999999999997
306,map04216,Ferroptosis,33,6,-1.0902238717768395,0.042408424559161516,1.222076438707555,-0.9268096990183787,0.21999999999999997
307,map00830,Retinol metabolism,49,3,1.707411614099886,0.27053973303770595,1.2173742875988713,1.180304114929388,0.16
308,map00280,"Valine, leucine and isoleucine degradation",70,36,-0.38920790946511474,0.38361265755811386,1.1359999188067635,-0.6802998435378299,0.26
309,map00998,Biosynthesis of various secondary metabolites - part 2,55,3,1.125201289565423,-0.003548909821716424,1.1019335933616976,1.0243359547135975,0.16
310,map00195,Photosynthesis,63,31,-2.0568408416390893,0.27197744187429646,1.1876649568431223,-1.960837751501493,0.020000000000000018
311,map00500,Starch and sucrose metabolism,105,66,3.216322717377173,0.8845231540708398,1.041347125835954,2.239214480411086,0.02
312,map04360,Axon guidance,128,9,-1.2844925449726268,0.39028395960353124,1.109368394041514,-1.5096666838279202,0.06000000000000005
313,map04122,Sulfur relay system,29,21,4.512059326485454,0.5523879036765136,0.9809834121042635,4.036430559325388,0.0
314,map00983,Drug metabolism - other enzymes,32,17,0.9636791939303546,0.31761897113683507,1.1613131634560745,0.5563186943225896,0.34
315,map04659,Th17 cell differentiation,86,5,-1.6609767109684441,0.20956131343232232,0.8490772248382918,-2.2030246126988198,0.0
316,map05216,Thyroid cancer,34,3,0.10643666603390063,-0.02016797185829927,1.0209488547177898,0.12400683668644291,0.42
317,map04540,Gap junction,60,8,-0.11882581947344074,0.20637276059121426,1.1337644237054667,-0.2868308206406874,0.38
318,map00523,Polyketide sugar unit biosynthesis,59,5,0.4394546913941988,0.09252371951026504,1.024560733792748,0.3386143548559145,0.32
319,map00281,Geraniol degradation,16,6,-0.1727639760081593,0.23677531303277455,1.2661359087827826,-0.3234560256920998,0.36
320,map00997,Biosynthesis of various secondary metabolites - part 3,33,4,-0.42415146291956274,0.16899443599739414,0.9954010909643645,-0.5958863259254672,0.24
321,map01110,Biosynthesis of secondary metabolites,1931,582,2.821831486042857,2.1713580018352854,1.0483301161755527,0.6204853549191024,0.26
322,map01210,2-Oxocarboxylic acid metabolism,82,47,2.111555280519966,0.5080645513922922,1.1884814393689584,1.3491929078665885,0.08
323,map04970,Salivary secretion,64,4,-0.4660334922287897,0.11617734143041965,1.213421639480985,-0.4798091732633329,0.31999999999999995
324,map01220,Degradation of aromatic compounds,215,35,-0.15362665153901484,0.6510587139123288,1.2906268410080624,-0.6234841395541044,0.30000000000000004
325,map05030,Cocaine addiction,39,3,-1.1778383312762684,0.3074141011850841,1.1437246464115296,-1.2986101480993495,0.09999999999999998
326,map00460,Cyanoamino acid metabolism,36,12,-0.19460416827579818,0.2708809256977412,1.2304567829413804,-0.3783026762311857,0.4
327,map03010,Ribosome,143,134,-6.719248345585407,0.9141060642914944,1.1671308581639157,-6.540272974947636,0.0
328,map04010,MAPK signaling pathway,235,15,-1.1448534701762791,0.08230733743672553,1.1230329140276096,-1.0927202509247518,0.19999999999999996
329,map00311,Penicillin and cephalosporin biosynthesis,16,5,-1.4687003568924857,0.14006860415085012,1.103228187505763,-1.4582377238570439,0.09999999999999998
330,map05016,Huntington disease,229,107,-5.509972595384298,0.8887902586759564,0.9454113298338194,-6.768231617432598,0.0
331,map00909,Sesquiterpenoid and triterpenoid biosynthesis,73,3,-1.1170417397015975,0.14398675832434807,0.993588032922066,-1.269166350884237,0.09999999999999998
332,map00940,Phenylpropanoid biosynthesis,38,4,0.8677056034198779,0.18027290857598952,1.0242875328028131,0.671132541233641,0.3
333,map04024,cAMP signaling pathway,163,8,-1.1679576301041499,0.045248391132210256,1.1020946305518629,-1.100818375849322,0.09999999999999998
334,map00565,Ether lipid metabolism,31,10,-1.4445618928540012,0.24841173603885613,1.1124004034758233,-1.5219102974099668,0.06000000000000005
335,map00020,Citrate cycle (TCA cycle),61,50,2.3972360079235884,0.6482775463223126,1.0103634800820918,1.7310190798455753,0.06
336,map03022,Basal transcription factors,36,32,-2.493113638194535,0.5553938542760277,1.2789403778775261,-2.3836197098802474,0.020000000000000018
337,map05014,Amyotrophic lateral sclerosis,280,128,-5.574297675318891,1.157577936398725,1.0555809771530704,-6.377412777818013,0.0
338,map01212,Fatty acid metabolism,84,36,1.6027711271303842,0.3773379966049248,1.174131092764718,1.0436936199687386,0.18
339,map00333,Prodigiosin biosynthesis,20,3,2.2576851908786866,0.42599217111124305,1.0569058589932032,1.733071119042044,0.04
340,map05034,Alcoholism,86,18,-2.200259016864875,0.30649578617640905,1.1536961819762603,-2.172803240752049,0.040000000000000036
341,map05231,Choline metabolism in cancer,61,11,-0.3779131812772822,0.53989251320506,1.2072222346341914,-0.7602624174334006,0.26
342,map04960,Aldosterone-regulated sodium reabsorption,26,3,0.11645193496599363,0.24449131272663543,1.2404041242251014,-0.10322392134952783,0.48
343,map04918,Thyroid hormone synthesis,53,6,0.9485093856717737,0.05892525868992386,1.2534319472758377,0.7097187277819421,0.2
344,map05418,Fluid shear stress and atherosclerosis,99,12,-1.3383378532928298,0.22181074961813654,1.1151059222048456,-1.3991035038412845,0.09999999999999998
345,map00563,Glycosylphosphatidylinositol (GPI)-anchor biosynthesis,26,23,-2.888425383120001,0.5597558393886576,1.208612970639231,-2.8530069644089027,0.0
346,map01230,Biosynthesis of amino acids,237,188,3.4385754068188947,1.3502065277109137,1.1589417697970235,1.8019618703308424,0.04
347,map04931,Insulin resistance,74,7,-0.1506925945691191,0.18749223764249648,1.0052893395764635,-0.3364054694483237,0.36
348,map04979,Cholesterol metabolism,49,4,-1.235270695633779,0.29938865703888407,1.0439998249093079,-1.4699804693990046,0.020000000000000018
349,map03420,Nucleotide excision repair,47,40,-0.6185880075302309,0.5470660757823037,1.1938196029188293,-0.9764072230532725,0.21999999999999997
350,map04668,TNF signaling pathway,92,3,-0.6489954951055235,-0.061230839706569604,1.1275246680723927,-0.5212876241579634,0.30000000000000004
351,map05012,Parkinson disease,194,93,-5.325433704077082,0.7344267073228514,1.0526923423227608,-5.756535093652224,0.0
352,map02040,Flagellar assembly,55,45,9.981351049348358,0.6838008437168142,1.0816555544721496,8.595666307255058,0.0
353,map05323,Rheumatoid arthritis,67,11,-1.4150061412426354,0.2921526294625894,1.063605581517357,-1.6050675178572908,0.09999999999999998
354,map04925,Aldosterone synthesis and secretion,65,4,-0.6468973631446275,0.14464956526430137,1.0772795239235093,-0.7347646649089485,0.21999999999999997
355,map00471,D-Glutamine and D-glutamate metabolism,10,6,1.0366511956737872,0.21641684191945423,1.1684307652700483,0.7019965394053622,0.26
356,map02024,Quorum sensing,282,92,1.6268606174738707,0.574582958898701,1.1626601447300418,0.9050604025129787,0.2
357,map05100,Bacterial invasion of epithelial cells,76,17,-2.498140231626658,0.48778303248318045,1.054109794864041,-2.832649197131275,0.0
358,map01040,Biosynthesis of unsaturated fatty acids,32,11,-0.8889364178050903,0.26140587898699424,1.083255946234556,-1.0619302859963275,0.18000000000000005
359,map05143,African trypanosomiasis,41,4,0.06556949624609715,0.03513765019386555,1.0463360275343958,0.02908419977083435,0.5
360,map05140,Leishmaniasis,59,3,-1.0637792462593485,0.3964960700979078,1.2624333372414385,-1.1567147929950308,0.12
361,map05166,Human T-cell leukemia virus 1 infection,182,35,-2.173737341283537,0.4345317130687211,1.3610699447609662,-1.9163372642177676,0.040000000000000036
362,map00010,Glycolysis / Gluconeogenesis,105,70,2.6661238166037236,0.8004663569350227,1.113848380553627,1.674965365341192,0.06
363,map05416,Viral myocarditis,39,3,-0.731865907826714,-0.22799107928560225,1.0255358774302445,-0.49132832856487224,0.30000000000000004
364,map04016,MAPK signaling pathway - plant,54,4,-1.0631500265038774,0.2159544200279991,1.0049907502842992,-1.2727524568460296,0.09999999999999998
365,map05130,Pathogenic Escherichia coli infection,152,30,-1.8424821322383733,0.35824186957061194,1.1440049321745915,-1.9237014980571108,0.020000000000000018
366,map03013,RNA transport,142,74,-3.0961361047651335,0.6948647488267303,1.192887724550939,-3.1780030723503176,0.0
