Name,Genes (tot),Stat (dist.dir.up),p (dist.dir.up),p adj (dist.dir.up),Stat (dist.dir.dn),p (dist.dir.dn),p adj (dist.dir.dn),Stat (non-dir.),p (non-dir.),p adj (non-dir.),Genes (up),Stat (mix.dir.up),p (mix.dir.up),p adj (mix.dir.up),Genes (down),Stat (mix.dir.dn),p (mix.dir.dn),p adj (mix.dir.dn)
map00515,1,-0.81299,0.72861,1,0.81299,0.27139,0.56121,0.21156,0.46986,1,0,NA,NA,NA,1,0.21156,0.44513,1
map05130,30,-1.1757,0.7218,1,1.1757,0.2782,0.56245,-1.8425,0.98163,1,8,-0.55298,0.88958,1,22,-1.8181,0.93329,1
map04621,13,-2.2743,0.9611,1,2.2743,0.038899,0.48889,0.27009,0.49729,1,3,-0.76808,0.87338,1,10,0.72865,0.23425,1
map00254,1,-0.88903,0.7503,1,0.88903,0.2497,0.55637,0.32131,0.43173,1,0,NA,NA,NA,1,0.32131,0.40866,1
map04923,1,-0.4913,0.6278,1,0.4913,0.3722,0.59845,-0.31393,0.65015,1,0,NA,NA,NA,1,-0.31393,0.62075,1
map00563,23,-1.1147,0.7233,1,1.1147,0.2767,0.56245,-2.8884,0.99884,1,3,-0.16836,0.7,1,20,-3.0323,0.99067,1
map04927,1,-0.4913,0.6278,1,0.4913,0.3722,0.59845,-0.31393,0.65015,1,0,NA,NA,NA,1,-0.31393,0.62075,1
map00190,142,-0.23952,0.23967,1,0.23952,0.76033,0.90711,-2.1724,0.9978,1,47,2.4629,0.18226,1,95,-4.3883,0.99981,1
map05231,11,-2.1039,0.94803,1,2.1039,0.051971,0.48889,-0.37791,0.7321,1,1,-1.512,0.95172,1,10,0.081792,0.42474,1
map00572,2,0.33913,0.30545,1,-0.33913,0.69455,0.85515,1.0074,0.22308,1,1,1.0213,0.21328,1,1,0.40326,0.38191,1
map03020,38,-2.1301,0.9248,1,2.1301,0.075203,0.48889,-3.1954,0.99958,1,3,0.009336,0.63354,1,35,-3.3323,0.99482,1
map02060,58,-2.4007,0.93733,1,2.4007,0.062667,0.48889,3.5704,0.0053644,0.19995,31,0.12818,0.91393,1,27,5.0957,4.58E-05,0.004524
map04612,4,-0.28074,0.52752,1,0.28074,0.47248,0.67766,-0.1882,0.65891,1,2,-0.59439,0.81888,1,2,0.32823,0.36209,1
map05410,1,-0.15792,0.51322,1,0.15792,0.48678,0.67766,-1.148,0.86821,1,0,NA,NA,NA,1,-1.148,0.84481,1
map00521,11,-1.0122,0.73545,1,1.0122,0.26455,0.55928,1.175,0.21519,1,4,0.59816,0.45414,1,7,1.0208,0.19033,1
map05016,107,-1.9219,0.83933,1,1.9219,0.16067,0.48889,-5.51,1,1,19,-0.015224,0.86317,1,88,-6.0687,1,1
map04623,14,-1.1521,0.77932,1,1.1521,0.22068,0.5197,-2.7407,0.99612,1,1,-0.83063,0.84156,1,13,-2.6138,0.97724,1
map00333,3,-0.60108,0.67485,1,0.60108,0.32515,0.57711,2.2577,0.021936,0.46781,1,1.7301,0.069122,1,2,1.5418,0.091068,0.79938
map04380,4,-0.7896,0.69455,1,0.7896,0.30545,0.57711,-1.223,0.91093,1,0,NA,NA,NA,4,-1.223,0.82942,1
map00020,50,0.73947,0.11076,1,-0.73947,0.88924,0.96965,2.3972,0.059178,0.83666,29,1.5608,0.39379,1,21,1.8649,0.061417,0.63841
map00550,36,-2.4877,0.95931,1,2.4877,0.040686,0.48889,3.0605,0.017236,0.39259,13,1.3342,0.3268,1,23,2.8259,0.0069302,0.15057
map04213,15,-0.30354,0.4854,1,0.30354,0.5146,0.70095,0.033701,0.59324,1,5,0.94202,0.32933,1,10,-0.62483,0.65351,1
map02025,38,-0.92224,0.64312,1,0.92224,0.35688,0.59834,-1.2368,0.94572,1,9,1.9026,0.097678,1,29,-2.4756,0.96194,1
map04925,4,-0.23688,0.51241,1,0.23688,0.48759,0.67766,-0.6469,0.79527,1,1,0.33786,0.44739,1,3,-0.94203,0.77583,1
map04970,4,-0.10235,0.46608,1,0.10235,0.53392,0.71773,-0.46603,0.74571,1,1,0.69958,0.31453,1,3,-0.94203,0.77583,1
map04975,4,-1.626,0.89095,1,1.626,0.10905,0.48889,-0.23444,0.67413,1,0,NA,NA,NA,4,-0.23444,0.55793,1
map04217,17,-1.3689,0.83272,1,1.3689,0.16728,0.48889,-2.1326,0.98433,1,4,-1.6577,0.98622,1,13,-1.5192,0.87168,1
map04917,5,-1.9435,0.9366,1,1.9435,0.063402,0.48889,0.27065,0.46759,1,0,NA,NA,NA,5,0.27065,0.41949,1
map00051,74,-0.22573,0.32999,1,0.22573,0.67001,0.83845,-0.78547,0.91644,1,35,-0.093785,0.93178,1,39,-0.99312,0.76828,1
map04540,8,-1.1063,0.77562,1,1.1063,0.22438,0.5197,-0.11883,0.61622,1,1,0.59284,0.35215,1,7,-0.3511,0.56685,1
map01212,36,-1.8317,0.87845,1,1.8317,0.12155,0.48889,1.6028,0.19937,1,15,0.22736,0.78873,1,21,1.9064,0.057429,0.63012
map04360,9,-1.3706,0.85349,1,1.3706,0.14651,0.48889,-1.2845,0.92241,1,1,-1.0631,0.88996,1,8,-0.98656,0.77142,1
map04146,28,-0.91521,0.65232,1,0.91521,0.34768,0.59395,-2.3465,0.99338,1,7,-0.35717,0.84609,1,21,-2.5033,0.97771,1
map00541,38,-1.261,0.74769,1,1.261,0.25231,0.55637,0.13512,0.65115,1,19,-1.3462,0.99328,1,19,1.5372,0.086469,0.77626
map04911,2,-0.914,0.73082,1,0.914,0.26918,0.56121,-0.084574,0.56094,1,0,NA,NA,NA,2,-0.084574,0.4924,1
map04510,10,-1.2614,0.81459,1,1.2614,0.18541,0.49363,-1.4357,0.92159,1,1,-0.63979,0.7927,1,9,-1.3001,0.8308,1
map00290,16,0.18424,0.3187,1,-0.18424,0.6813,0.84646,-0.31709,0.68567,1,10,-0.82421,0.95461,1,6,0.54624,0.32101,1
map05140,3,-0.63822,0.68636,1,0.63822,0.31364,0.57711,-1.0638,0.84961,1,0,NA,NA,NA,3,-1.0638,0.80447,1
map05110,20,-1.8715,0.91932,1,1.8715,0.080676,0.48889,-2.1565,0.9865,1,1,-0.45007,0.73626,1,19,-2.1093,0.95313,1
map05235,7,-1.6624,0.89922,1,1.6624,0.10078,0.48889,-0.48185,0.72076,1,0,NA,NA,NA,7,-0.48185,0.60563,1
map05205,15,-1.7458,0.90114,1,1.7458,0.09886,0.48889,-2.1703,0.98474,1,0,NA,NA,NA,15,-2.1703,0.95078,1
map04014,16,-1.3189,0.78171,1,1.3189,0.21829,0.51922,-1.7809,0.95759,1,3,-0.97607,0.91259,1,13,-1.5068,0.86962,1
map00627,13,-0.26766,0.46719,1,0.26766,0.53281,0.71773,-0.65348,0.79591,1,7,-1.0467,0.95916,1,6,0.16864,0.43737,1
map00982,7,2.1023,0.02255,0.54386,-2.1023,0.97745,1,1.2371,0.19057,1,5,1.7628,0.09839,1,2,-0.47288,0.61598,1
map00633,13,-0.62941,0.59887,1,0.62941,0.40113,0.61828,2.0032,0.05802,0.83666,5,2.0418,0.057134,1,8,0.93947,0.19584,1
map04650,7,-1.6978,0.90455,1,1.6978,0.095446,0.48889,-0.28925,0.66327,1,0,NA,NA,NA,7,-0.28925,0.54825,1
map03070,61,3.4658,0.00018569,0.019033,-3.4658,0.99981,1,1.3714,0.2875,1,42,2.2397,0.20374,1,19,-0.87268,0.74069,1
map04062,10,-1.352,0.83545,1,1.352,0.16455,0.48889,-1.1855,0.88438,1,1,-0.63979,0.7927,1,9,-1.0364,0.77371,1
map00500,66,-4.9971,0.99982,1,4.9971,0.00017621,0.018062,3.2163,0.0099932,0.31282,20,-0.19977,0.91416,1,46,3.9843,0.00082541,0.02964
map04626,10,-0.20715,0.48107,1,0.20715,0.51893,0.70219,0.71495,0.32142,1,6,0.11004,0.68287,1,4,0.99567,0.19561,1
map00630,61,2.1755,0.0081121,0.30546,-2.1755,0.99189,1,0.7081,0.51438,1,38,1.4343,0.53635,1,23,-0.69047,0.68792,1
map04961,4,-0.47083,0.59224,1,0.47083,0.40776,0.62615,-0.25121,0.67959,1,1,0.11539,0.53327,1,3,-0.3567,0.61016,1
map00908,1,0.035093,0.44574,1,-0.035093,0.55426,0.74154,-1.9111,0.9631,1,1,-1.9111,0.97976,1,0,NA,NA,NA
map02020,287,2.3777,0.00040493,0.023718,-2.3777,0.9996,1,1.7957,0.36718,1,152,4.0668,0.12161,1,135,-1.697,0.8679,1
map00604,1,0.2749,0.36426,1,-0.2749,0.63574,0.80201,-0.78371,0.78761,1,1,-0.78371,0.83031,1,0,NA,NA,NA
map04340,3,-0.80369,0.73536,1,0.80369,0.26464,0.55928,-0.63954,0.74059,1,0,NA,NA,NA,3,-0.63954,0.6953,1
map01502,17,-2.3406,0.96794,1,2.3406,0.032057,0.48889,-0.27233,0.70985,1,3,-0.32145,0.75244,1,14,-0.15129,0.54766,1
map01524,12,-0.70407,0.62995,1,0.70407,0.37005,0.59845,-1.7047,0.96283,1,2,0.35234,0.45958,1,10,-2.025,0.93981,1
map05014,128,-2.9209,0.96433,1,2.9209,0.035673,0.48889,-5.5743,1,1,19,-0.37516,0.92882,1,109,-5.884,1,1
map05131,44,-1.6462,0.819,1,1.6462,0.181,0.48889,-3.402,0.99961,1,11,-1.5292,0.99503,1,33,-3.0454,0.99172,1
map04016,4,0.91827,0.16673,1,-0.91827,0.83327,0.949,-1.0632,0.88527,1,3,-0.35464,0.76313,1,1,-1.512,0.90708,1
map00710,27,-0.99954,0.69692,1,0.99954,0.30308,0.57711,2.3103,0.058631,0.83666,13,0.78981,0.54992,1,14,2.4473,0.020071,0.3447
map00130,34,4.7024,2.55E-06,0.00034789,-4.7024,1,1,2.0853,0.081362,0.92495,21,4.8323,3.64E-05,0.011465,13,-2.7693,0.98312,1
map04725,5,-1.4465,0.86446,1,1.4465,0.13554,0.48889,-0.13415,0.60641,1,0,NA,NA,NA,5,-0.13415,0.54342,1
map04660,9,-1.3881,0.85721,1,1.3881,0.14279,0.48889,-1.4679,0.94398,1,0,NA,NA,NA,9,-1.4679,0.86181,1
map05412,1,-0.15792,0.51322,1,0.15792,0.48678,0.67766,-1.148,0.86821,1,0,NA,NA,NA,1,-1.148,0.84481,1
map05142,6,0.15998,0.36446,1,-0.15998,0.63554,0.80201,-0.2336,0.65153,1,2,0.85984,0.25969,1,4,-0.8941,0.75291,1
map00311,5,0.4002,0.31448,1,-0.4002,0.68552,0.84913,-1.4687,0.92337,1,3,-0.7477,0.86896,1,2,-1.4065,0.85312,1
map00860,55,-1.9369,0.87593,1,1.9369,0.12407,0.48889,3.3077,0.0070467,0.24076,23,1.7766,0.24242,1,32,2.8303,0.0072427,0.15057
map04664,5,-1.2765,0.83016,1,1.2765,0.16984,0.48889,-0.54436,0.73433,1,0,NA,NA,NA,5,-0.54436,0.66476,1
map05134,15,-1.8001,0.90955,1,1.8001,0.090446,0.48889,-1.0889,0.88829,1,2,-0.1784,0.67946,1,13,-1.0997,0.78891,1
map02026,43,1.9703,0.011993,0.34383,-1.9703,0.98801,1,2.6241,0.030858,0.60246,30,1.6756,0.31108,1,13,2.2271,0.033776,0.46006
map04810,21,-1.5418,0.84878,1,1.5418,0.15122,0.48889,-1.7095,0.97095,1,3,-0.28752,0.74125,1,18,-1.7291,0.90723,1
map04015,10,-0.83601,0.6966,1,0.83601,0.3034,0.57711,-2.547,0.99151,1,1,-0.63979,0.7927,1,9,-2.4715,0.96948,1
map05034,18,-1.6212,0.88914,1,1.6212,0.11086,0.48889,-2.2003,0.98985,1,1,-0.31393,0.6914,1,17,-2.1879,0.95282,1
map04260,20,-0.92334,0.70543,1,0.92334,0.29457,0.5751,-2.4392,0.99308,1,3,0.21949,0.5496,1,17,-2.7379,0.98311,1
map00473,5,0.13078,0.40048,1,-0.13078,0.59952,0.77297,-0.17181,0.61892,1,2,0.12587,0.55596,1,3,-0.32458,0.60005,1
map03013,74,-3.5267,0.99311,1,3.5267,0.0068943,0.22011,-3.0961,0.99969,1,6,0.6893,0.4464,1,68,-3.4346,0.99548,1
map00480,25,2.5489,0.0051409,0.2342,-2.5489,0.99486,1,1.4935,0.16602,1,17,1.8634,0.16672,1,8,-0.076181,0.4949,1
map00650,61,-0.29206,0.42327,1,0.29206,0.57673,0.75695,2.9699,0.02282,0.46781,33,1.3942,0.47547,1,28,2.8699,0.0098709,0.19495
map00624,2,0.42185,0.27995,1,-0.42185,0.72005,0.87602,-0.70205,0.74885,1,1,0.13313,0.52642,1,1,-1.126,0.84032,1
map00010,70,0.63895,0.13926,1,-0.63895,0.86074,0.96686,2.6661,0.047252,0.77973,41,1.4987,0.50395,1,29,2.3602,0.024976,0.39462
map04114,32,-2.2664,0.9279,1,2.2664,0.072104,0.48889,-2.3957,0.99571,1,3,-0.68267,0.85417,1,29,-2.297,0.94905,1
map04138,47,-3.3631,0.98945,1,3.3631,0.010545,0.2822,-1.129,0.94,1,4,0.4429,0.5177,1,43,-1.3154,0.83008,1
map00531,5,1.1535,0.1294,1,-1.1535,0.8706,0.96744,-0.52383,0.72845,1,4,-0.45021,0.83208,1,1,-0.27089,0.60679,1
map04960,3,-1.2596,0.84723,1,1.2596,0.15277,0.48889,0.11645,0.48044,1,0,NA,NA,NA,3,0.11645,0.45738,1
map01053,12,1.3507,0.064712,0.97669,-1.3507,0.93529,0.99506,-0.098934,0.6403,1,7,0.91678,0.37721,1,5,-1.238,0.83162,1
map05204,4,1.6845,0.051623,0.93463,-1.6845,0.94838,0.99958,1.3749,0.15723,1,3,1.4754,0.12104,1,1,0.19432,0.45091,1
map00980,6,2.3711,0.011274,0.34383,-2.3711,0.98873,1,1.6886,0.089398,0.93983,5,1.7628,0.09839,1,1,0.19432,0.45091,1
map00830,3,2.5022,0.012579,0.34383,-2.5022,0.98742,1,1.7074,0.065522,0.87121,3,1.7074,0.079431,1,0,NA,NA,NA
map04710,3,-0.48626,0.63823,1,0.48626,0.36177,0.59834,-1.5277,0.92796,1,0,NA,NA,NA,3,-1.5277,0.89194,1
map01501,45,-1.3558,0.72766,1,1.3558,0.27234,0.56121,1.8508,0.117,1,22,0.38824,0.73724,1,23,2.2091,0.025991,0.39487
map04122,21,0.94831,0.1179,1,-0.94831,0.8821,0.96853,4.5121,8.34E-05,0.0068372,13,3.2135,0.0075243,0.65517,8,3.214,0.0030143,0.079375
map05169,25,-1.571,0.82156,1,1.571,0.17844,0.48889,-2.5996,0.99504,1,2,0.20648,0.52174,1,23,-2.7712,0.98733,1
map04630,3,-0.97591,0.78187,1,0.97591,0.21813,0.51922,-0.35195,0.64843,1,0,NA,NA,NA,3,-0.35195,0.60867,1
map00121,7,-0.62783,0.64636,1,0.62783,0.35364,0.59834,1.2023,0.19871,1,4,0.15526,0.6331,1,3,1.6573,0.085888,0.77626
map04113,98,-3.3021,0.98465,1,3.3021,0.015351,0.33126,-3.8388,0.99997,1,15,-0.5565,0.95234,1,83,-3.9348,0.99914,1
map00592,4,0.71941,0.21322,1,-0.71941,0.78678,0.92696,0.63318,0.36908,1,2,1.1707,0.16435,1,2,-0.27521,0.55373,1
map05220,4,-0.98261,0.75035,1,0.98261,0.24965,0.55637,-0.92659,0.8595,1,0,NA,NA,NA,4,-0.92659,0.7612,1
map00750,11,-2.0545,0.94306,1,2.0545,0.056945,0.48889,3.6999,0.0010444,0.053524,6,0.55441,0.50295,1,5,4.8805,8.52E-05,0.0067338
map04214,8,-0.53972,0.59988,1,0.53972,0.40012,0.61828,0.48441,0.40845,1,1,2.5134,0.012479,0.65517,7,-0.43213,0.59098,1
map01055,1,0.91242,0.18216,1,-0.91242,0.81784,0.94501,0.35433,0.42037,1,1,0.35433,0.44108,1,0,NA,NA,NA
map03450,12,-1.5871,0.8699,1,1.5871,0.1301,0.48889,-1.7884,0.96847,1,0,NA,NA,NA,12,-1.7884,0.92519,1
map04371,12,-1.1245,0.7611,1,1.1245,0.2389,0.54531,-0.91914,0.86154,1,2,-0.03074,0.62105,1,10,-0.99311,0.75788,1
map00280,36,0.6619,0.15383,1,-0.6619,0.84617,0.95837,-0.38921,0.81393,1,19,0.62299,0.66799,1,17,-1.225,0.81195,1
map05166,35,-1.8349,0.8648,1,1.8349,0.1352,0.48889,-2.1737,0.99194,1,6,-0.54863,0.87899,1,29,-2.1385,0.93491,1
map00514,5,-0.13602,0.49071,1,0.13602,0.50929,0.69604,0.45906,0.4033,1,2,0.56417,0.37143,1,3,0.13199,0.45235,1
map05171,80,-2.5483,0.94577,1,2.5483,0.054225,0.48889,-5.3695,1,1,11,-1.477,0.99414,1,69,-5.192,0.99998,1
map04215,2,-0.74444,0.67838,1,0.74444,0.32162,0.57711,-0.35474,0.64794,1,0,NA,NA,NA,2,-0.35474,0.57903,1
map05162,7,-1.7155,0.90714,1,1.7155,0.092858,0.48889,-0.39989,0.69688,1,0,NA,NA,NA,7,-0.39989,0.58142,1
map04152,21,-1.6656,0.87316,1,1.6656,0.12684,0.48889,-1.0325,0.89956,1,2,1.2878,0.13523,1,19,-1.5033,0.8792,1
map00625,11,1.3032,0.068811,0.97669,-1.3032,0.93119,0.99506,1.1572,0.21995,1,8,0.93385,0.39541,1,3,0.69081,0.28214,1
map00260,57,0.11233,0.25417,1,-0.11233,0.74583,0.90204,0.18019,0.67521,1,27,1.4552,0.41389,1,30,-1.1321,0.79254,1
map03030,53,-4.4589,0.99963,1,4.4589,0.0003669,0.030086,0.8237,0.41947,1,9,-0.30823,0.86379,1,44,1.0434,0.13202,1
map04964,4,0.89487,0.17183,1,-0.89487,0.82817,0.94846,0.70646,0.34434,1,3,0.4513,0.45451,1,1,0.63125,0.31076,1
map00120,1,-2.0237,0.95276,1,2.0237,0.047239,0.48889,1.7169,0.081183,0.92495,0,NA,NA,NA,1,1.7169,0.078695,0.77626
map00350,35,0.99358,0.082784,1,-0.99358,0.91722,0.99049,0.42611,0.55192,1,16,2.1915,0.098958,1,19,-1.4327,0.86697,1
map04919,15,-1.7895,0.90796,1,1.7895,0.092039,0.48889,-2.1108,0.98262,1,0,NA,NA,NA,15,-2.1108,0.9457,1
map01523,6,-0.37727,0.54913,1,0.37727,0.45087,0.66551,-1.4363,0.92981,1,3,-1.5676,0.97538,1,3,-0.46372,0.64327,1
map04976,3,-0.64835,0.68947,1,0.64835,0.31053,0.57711,-0.98652,0.83243,1,0,NA,NA,NA,3,-0.98652,0.78656,1
map04974,2,-0.22747,0.49978,1,0.22747,0.50022,0.68592,-0.12805,0.57526,1,1,-0.35806,0.70631,1,1,0.17697,0.45674,1
map04115,4,-0.2749,0.52551,1,0.2749,0.47449,0.67766,-1.1093,0.89316,1,1,-0.14748,0.63247,1,3,-1.1958,0.83287,1
map04926,7,-1.4767,0.86764,1,1.4767,0.13236,0.48889,-0.64968,0.76661,1,0,NA,NA,NA,7,-0.64968,0.65387,1
map01521,6,-1.3157,0.82753,1,1.3157,0.17247,0.48889,-0.81022,0.81849,1,0,NA,NA,NA,6,-0.81022,0.73852,1
map01200,214,-2.0767,0.78091,1,2.0767,0.21909,0.51922,2.8721,0.069034,0.88449,101,0.54266,0.96967,1,113,3.4394,0.00067343,0.028208
map05031,9,-1.2224,0.81958,1,1.2224,0.18042,0.48889,-1.9124,0.97701,1,0,NA,NA,NA,9,-1.9124,0.92451,1
map00670,24,-0.12178,0.38113,1,0.12178,0.61887,0.79293,0.31182,0.54931,1,12,0.14242,0.76347,1,12,0.29856,0.40023,1
map04928,6,-1.4398,0.85385,1,1.4398,0.14615,0.48889,-0.49784,0.73494,1,0,NA,NA,NA,6,-0.49784,0.64974,1
map00940,4,-1.3248,0.8343,1,1.3248,0.1657,0.48889,0.86771,0.29231,1,2,-0.81757,0.87489,1,2,2.0447,0.04085,0.52051
map04962,8,-1.3689,0.83923,1,1.3689,0.16077,0.48889,-1.3158,0.91012,1,0,NA,NA,NA,8,-1.3158,0.84545,1
map05230,12,1.2123,0.081983,1,-1.2123,0.91802,0.99049,0.49386,0.43373,1,8,0.78047,0.45558,1,4,-0.24836,0.56241,1
map04550,4,-0.96214,0.7447,1,0.96214,0.2553,0.55637,-0.83177,0.83946,1,0,NA,NA,NA,4,-0.83177,0.73658,1
map04916,5,-1.232,0.82034,1,1.232,0.17966,0.48889,-0.7264,0.78346,1,0,NA,NA,NA,5,-0.7264,0.71427,1
map04066,15,-1.2142,0.78809,1,1.2142,0.21191,0.51922,-0.65965,0.80015,1,5,-0.40588,0.82957,1,10,-0.5209,0.62128,1
map05214,6,-0.76648,0.67867,1,0.76648,0.32133,0.57711,-0.50761,0.73782,1,1,0.33786,0.44739,1,5,-0.70715,0.70921,1
map03015,39,-2.0754,0.90426,1,2.0754,0.095736,0.48889,-2.7064,0.99791,1,4,0.063583,0.66796,1,35,-2.8783,0.98572,1
map05100,17,-0.36457,0.51945,1,0.36457,0.48055,0.67766,-2.4981,0.99319,1,6,-1.254,0.97215,1,11,-2.1794,0.95911,1
map04728,14,-1.2021,0.79251,1,1.2021,0.20749,0.51276,-1.794,0.96549,1,1,0.56186,0.36336,1,13,-2.0175,0.93679,1
map05340,2,-1.1828,0.80412,1,1.1828,0.19588,0.49659,0.23705,0.45374,1,0,NA,NA,NA,2,0.23705,0.39007,1
map00565,10,-0.90259,0.71708,1,0.90259,0.28292,0.5631,-1.4446,0.92272,1,1,0.45154,0.4042,1,9,-1.6732,0.89418,1
map04940,2,0.55419,0.24143,1,-0.55419,0.75857,0.90711,0.44378,0.38611,1,1,0.87735,0.25609,1,1,-0.24976,0.59989,1
map00998,3,-1.9619,0.94887,1,1.9619,0.051132,0.48889,1.1252,0.16469,1,0,NA,NA,NA,3,1.1252,0.17578,1
map04137,13,-1.7763,0.90414,1,1.7763,0.095865,0.48889,-0.68549,0.804,1,1,-0.031142,0.58924,1,12,-0.70449,0.7127,1
map05206,14,-1.1442,0.77722,1,1.1442,0.22278,0.5197,-1.1256,0.88925,1,2,0.046209,0.58937,1,12,-1.2347,0.83929,1
map00730,25,-2.7349,0.97171,1,2.7349,0.028288,0.48889,2.1132,0.065872,0.87121,9,0.46532,0.60273,1,16,2.2925,0.030995,0.43726
map04915,7,-1.1783,0.80378,1,1.1783,0.19622,0.49659,-1.2087,0.88549,1,1,-1.2681,0.92294,1,6,-0.78791,0.73258,1
map00230,106,0.43629,0.12458,1,-0.43629,0.87542,0.96744,1.1271,0.44746,1,59,0.53629,0.90158,1,47,1.0918,0.15103,1
map04712,2,-1.3648,0.84605,1,1.3648,0.15395,0.48889,0.6009,0.33682,1,0,NA,NA,NA,2,0.6009,0.28319,1
map04670,6,-0.4489,0.57383,1,0.4489,0.42617,0.63769,-2.0566,0.97902,1,1,-0.63979,0.7927,1,5,-1.9667,0.93608,1
map03010,134,-2.2651,0.88037,1,2.2651,0.11963,0.48889,-7.06,1,1,28,-1.1877,0.99678,1,106,-7.3274,1,1
map04912,10,-1.5536,0.87619,1,1.5536,0.12381,0.48889,-1.3399,0.90858,1,0,NA,NA,NA,10,-1.3399,0.83802,1
map04920,4,-1.2721,0.82272,1,1.2721,0.17728,0.48889,-0.12518,0.63774,1,1,-1.2179,0.91566,1,3,0.5586,0.31973,1
map03420,40,-3.8591,0.99925,1,3.8591,0.0007505,0.043958,-0.61859,0.84712,1,4,-0.09306,0.72418,1,36,-0.62103,0.65097,1
map04662,5,-1.2634,0.8273,1,1.2634,0.1727,0.48889,-0.55792,0.73817,1,0,NA,NA,NA,5,-0.55792,0.66856,1
map00401,8,-0.43426,0.56322,1,0.43426,0.43678,0.65119,3.8908,0.00066837,0.039148,4,2.5419,0.017294,0.77823,4,2.9605,0.0069527,0.15057
map00906,3,0.4086,0.33629,1,-0.4086,0.66371,0.83473,-1.2699,0.88954,1,2,-0.75917,0.86156,1,1,-1.126,0.84032,1
map00620,82,0.49217,0.13166,1,-0.49217,0.86834,0.96744,3.2727,0.010682,0.31282,51,1.1106,0.72734,1,31,3.8983,0.00025662,0.016894
map04361,6,-0.45607,0.57629,1,0.45607,0.42371,0.63769,-1.166,0.89075,1,1,0.2627,0.47633,1,5,-1.3947,0.86025,1
map04910,20,-1.5969,0.8752,1,1.5969,0.1248,0.48889,-1.3393,0.93187,1,4,-0.90024,0.92292,1,16,-1.0473,0.78116,1
map00571,4,-0.503,0.60299,1,0.503,0.39701,0.61828,-1.8375,0.97148,1,0,NA,NA,NA,4,-1.8375,0.92689,1
map00680,111,-5.6448,0.99998,1,5.6448,2.36E-05,0.0032192,3.4383,0.014399,0.38091,29,0.55315,0.76531,1,82,3.6714,0.00057846,0.028208
map04218,17,-1.4838,0.85764,1,1.4838,0.14236,0.48889,-1.6823,0.96125,1,2,-0.20857,0.69092,1,15,-1.7147,0.90069,1
map03008,66,-3.0353,0.97269,1,3.0353,0.027311,0.48889,-4.0028,0.99999,1,5,-0.19551,0.76879,1,61,-4.1076,0.9991,1
map00310,31,1.1566,0.084289,1,-1.1566,0.91571,0.99049,-0.15115,0.6785,1,19,-0.045045,0.86982,1,12,-0.18626,0.55595,1
map05111,34,2.0212,0.014246,0.36506,-2.0212,0.98575,1,1.964,0.098762,0.98762,22,2.0009,0.17752,1,12,0.59664,0.31042,1
map04145,27,-1.595,0.85154,1,1.595,0.14846,0.48889,-2.256,0.9909,1,3,0.32923,0.5046,1,24,-2.5093,0.97237,1
map05210,8,-1.2325,0.80779,1,1.2325,0.19221,0.49659,-1.9894,0.9732,1,0,NA,NA,NA,8,-1.9894,0.94256,1
map01054,1,0.92412,0.17946,1,-0.92412,0.82054,0.94501,0.37072,0.41475,1,1,0.37072,0.43482,1,0,NA,NA,NA
map05010,99,-2.8527,0.9609,1,2.8527,0.039105,0.48889,-5.1249,1,1,14,-0.82941,0.96086,1,85,-5.1943,0.99998,1
map00944,1,1.24,0.11606,1,-1.24,0.88394,0.96853,0.78922,0.28003,1,1,0.78922,0.28435,1,0,NA,NA,NA
map01240,254,-0.7226,0.29014,1,0.7226,0.70986,0.86879,5.7181,3.22E-05,0.0033032,120,4.5394,0.011993,0.65517,134,3.5768,0.00106,0.032617
map04211,10,-0.93773,0.72761,1,0.93773,0.27239,0.56121,0.10051,0.5292,1,2,0.82835,0.27072,1,8,-0.30181,0.56932,1
map04972,5,0.01831,0.43815,1,-0.01831,0.56185,0.74309,-0.53048,0.73036,1,2,0.042285,0.59101,1,3,-0.71937,0.71775,1
map00071,23,0.36099,0.23891,1,-0.36099,0.76109,0.90711,0.42086,0.50879,1,14,0.16913,0.76788,1,9,0.46184,0.33711,1
map05323,11,-1.3297,0.821,1,1.3297,0.179,0.48889,-1.415,0.94054,1,1,-0.45007,0.73626,1,10,-1.3417,0.8384,1
map05022,115,-2.6043,0.93247,1,2.6043,0.067534,0.48889,-5.1204,1,1,19,-0.31641,0.92018,1,96,-5.4635,0.99999,1
map00561,39,-2.3648,0.93902,1,2.3648,0.060976,0.48889,0.1703,0.60497,1,12,-0.21311,0.86182,1,27,0.34675,0.38568,1
map04668,3,-0.89486,0.7606,1,0.89486,0.2394,0.54531,-0.649,0.7434,1,0,NA,NA,NA,3,-0.649,0.698,1
map04930,3,0.087798,0.44263,1,-0.087798,0.55737,0.74154,-0.95611,0.82533,1,2,-0.94901,0.90155,1,1,-0.31393,0.62075,1
map00361,4,-0.0087733,0.43407,1,0.0087733,0.56593,0.74607,-0.27888,0.68849,1,1,0.91367,0.24489,1,3,-0.84953,0.75256,1
map00621,5,0.71147,0.22659,1,-0.71147,0.77341,0.91607,1.2516,0.17551,1,3,1.2975,0.16195,1,2,0.38982,0.34359,1
map00471,6,-0.62082,0.63177,1,0.62082,0.36823,0.59845,1.0367,0.22471,1,2,1.0051,0.21194,1,4,0.5589,0.30811,1
map00440,17,0.94759,0.12544,1,-0.94759,0.87456,0.96744,-0.037399,0.63718,1,12,-0.39167,0.89883,1,5,0.53782,0.34116,1
map05132,43,-2.3752,0.93875,1,2.3752,0.061245,0.48889,-2.346,0.99463,1,8,-0.8592,0.93712,1,35,-2.1895,0.94761,1
map05216,3,-1.2528,0.84584,1,1.2528,0.15416,0.48889,0.10644,0.48411,1,0,NA,NA,NA,3,0.10644,0.46063,1
map00626,6,2.5072,0.0081953,0.30546,-2.5072,0.9918,1,1.0924,0.20993,1,5,1.7002,0.1101,1,1,-1.126,0.84032,1
map04625,8,-1.2635,0.81525,1,1.2635,0.18475,0.49363,-1.5899,0.94305,1,0,NA,NA,NA,8,-1.5899,0.89339,1
map00524,2,0.049629,0.40164,1,-0.049629,0.59836,0.77297,-0.92792,0.80515,1,1,-0.5736,0.77387,1,1,-0.73868,0.74776,1
map05164,15,-1.8877,0.92197,1,1.8877,0.078028,0.48889,-1.1895,0.90414,1,1,-0.86307,0.84905,1,14,-1.0006,0.79662,1
map04212,14,0.24385,0.31121,1,-0.24385,0.68879,0.85062,-0.33541,0.69781,1,5,1.2224,0.23214,1,9,-1.3295,0.83653,1
map04966,9,-1.2283,0.821,1,1.2283,0.179,0.48889,-1.1264,0.89919,1,1,-0.45007,0.73626,1,8,-1.0356,0.78357,1
map00591,3,0.20261,0.40365,1,-0.20261,0.59635,0.77297,-0.59612,0.72751,1,1,0.45154,0.4042,1,2,-1.0494,0.77671,1
map00622,8,0.69481,0.19876,1,-0.69481,0.80124,0.93859,0.78427,0.31081,1,4,1.4201,0.16851,1,4,-0.311,0.58245,1
map04918,6,0.56352,0.24208,1,-0.56352,0.75792,0.90711,0.94851,0.24924,1,3,1.2345,0.17838,1,3,0.10685,0.4605,1
map05170,17,-1.4526,0.85113,1,1.4526,0.14887,0.48889,-2.2483,0.98784,1,2,-0.85598,0.88315,1,15,-2.0809,0.94299,1
map04921,14,-1.5382,0.86844,1,1.5382,0.13156,0.48889,-1.2475,0.90843,1,1,0.33786,0.44739,1,13,-1.3883,0.8487,1
map04935,6,-1.3658,0.83851,1,1.3658,0.16149,0.48889,-0.62509,0.77114,1,0,NA,NA,NA,6,-0.62509,0.68728,1
map00460,12,-1.0586,0.74236,1,1.0586,0.25764,0.55637,-0.1946,0.67154,1,3,0.81656,0.31181,1,9,-0.69615,0.68619,1
map04064,3,-1.1616,0.8263,1,1.1616,0.1737,0.48889,-0.38234,0.65873,1,0,NA,NA,NA,3,-0.38234,0.61818,1
map00970,33,-3.3569,0.99321,1,3.3569,0.0067941,0.22011,4.2757,0.00043028,0.029402,10,2.1658,0.070154,1,23,3.6935,0.00071413,0.028208
map03430,39,-3.8362,0.99719,1,3.8362,0.0028128,0.12814,1.7433,0.12414,1,9,0.32911,0.65829,1,30,1.8074,0.056438,0.63012
map00930,7,0.18127,0.37086,1,-0.18127,0.62914,0.80201,-2.0948,0.97476,1,4,-1.6305,0.98521,1,3,-1.3171,0.85652,1
map00253,1,0.2749,0.36426,1,-0.2749,0.63574,0.80201,-0.78371,0.78761,1,1,-0.78371,0.83031,1,0,NA,NA,NA
map04012,5,-1.593,0.88994,1,1.593,0.11006,0.48889,0.097831,0.52737,1,0,NA,NA,NA,5,0.097831,0.47214,1
map04742,1,-0.4913,0.6278,1,0.4913,0.3722,0.59845,-0.31393,0.65015,1,0,NA,NA,NA,1,-0.31393,0.62075,1
map05322,8,-0.20265,0.48124,1,0.20265,0.51876,0.70219,-1.7956,0.96085,1,2,-0.244,0.70414,1,6,-1.9325,0.93966,1
map04657,6,-0.71395,0.66204,1,0.71395,0.33796,0.58818,-1.8485,0.96757,1,1,-1.2681,0.92294,1,5,-1.4579,0.87079,1
map04151,21,-2.0191,0.92733,1,2.0191,0.072672,0.48889,-1.5323,0.95851,1,2,-0.49937,0.79088,1,19,-1.4489,0.86984,1
map04931,7,-1.3021,0.83225,1,1.3021,0.16775,0.48889,-0.15069,0.6193,1,2,-1.1065,0.9277,1,5,0.52151,0.34579,1
map04914,20,-1.7094,0.89496,1,1.7094,0.10504,0.48889,-2.2321,0.98865,1,3,-1.7392,0.98396,1,17,-1.6905,0.89723,1
map04350,7,-0.41339,0.57482,1,0.41339,0.42518,0.63769,-1.345,0.90636,1,1,0.56186,0.36336,1,6,-1.6821,0.9112,1
map04270,7,-1.3795,0.84862,1,1.3795,0.15138,0.48889,-1.0094,0.8493,1,0,NA,NA,NA,7,-1.0094,0.7485,1
map04614,2,-0.59555,0.62916,1,0.59555,0.37084,0.59845,-0.63675,0.7311,1,0,NA,NA,NA,2,-0.63675,0.66548,1
map04068,11,-0.63309,0.61149,1,0.63309,0.38851,0.6174,-0.016756,0.61478,1,3,0.65836,0.37158,1,8,-0.42281,0.60841,1
map04120,45,-1.7586,0.83151,1,1.7586,0.16849,0.48889,-2.6425,0.99687,1,9,-0.61257,0.92319,1,36,-2.6482,0.98242,1
map04745,3,-0.60108,0.67485,1,0.60108,0.32515,0.57711,-1.4236,0.9139,1,0,NA,NA,NA,3,-1.4236,0.8753,1
map04130,18,-0.57625,0.60104,1,0.57625,0.39896,0.61828,-3.8911,0.99994,1,2,-0.34027,0.73869,1,16,-4.0069,0.99909,1
map03440,47,-2.4912,0.94213,1,2.4912,0.057872,0.48889,1.7703,0.13581,1,16,0.68172,0.63073,1,31,1.69,0.059342,0.63351
map00564,63,-2.4251,0.93572,1,2.4251,0.06428,0.48889,1.3218,0.26872,1,17,2.2508,0.082828,1,46,0.1786,0.40382,1
map04750,5,-1.0437,0.77491,1,1.0437,0.22509,0.5197,-1.1562,0.87635,1,0,NA,NA,NA,5,-1.1562,0.81526,1
map05219,3,0.1891,0.4082,1,-0.1891,0.5918,0.77028,0.78674,0.25317,1,1,1.3553,0.13158,1,2,0.0052179,0.46348,1
map00909,3,-0.12494,0.51606,1,0.12494,0.48394,0.67766,-1.117,0.86074,1,2,-1.3461,0.95684,1,1,-0.031142,0.52701,1
map01210,47,-2.69,0.95908,1,2.69,0.04092,0.48889,2.1116,0.079007,0.92495,15,0.96889,0.49312,1,32,1.8957,0.047109,0.5815
map01503,41,5.0011,8.96E-07,0.00018372,-5.0011,1,1,3.636,0.0038873,0.15938,31,4.4058,0.00033135,0.052187,10,-0.39473,0.581,1
map04216,6,-0.30564,0.52424,1,0.30564,0.47576,0.67766,-1.0902,0.87742,1,2,-0.46388,0.7798,1,4,-1.0072,0.7811,1
map04933,6,-1.3778,0.84105,1,1.3778,0.15895,0.48889,-0.73063,0.79893,1,0,NA,NA,NA,6,-0.73063,0.71703,1
map04979,4,-0.83931,0.70944,1,0.83931,0.29056,0.57274,-1.2353,0.91271,1,0,NA,NA,NA,4,-1.2353,0.83194,1
map04971,4,-0.7662,0.68742,1,0.7662,0.31258,0.57711,-1.3898,0.93288,1,0,NA,NA,NA,4,-1.3898,0.86169,1
map04720,9,-1.3842,0.85639,1,1.3842,0.14361,0.48889,-1.0179,0.88055,1,1,-0.63979,0.7927,1,8,-0.85347,0.73662,1
map00300,36,-2.3317,0.94586,1,2.3317,0.054141,0.48889,-0.71587,0.88045,1,9,-0.56321,0.91519,1,27,-0.50145,0.63915,1
map00642,1,1.5792,0.06773,0.97669,-1.5792,0.93227,0.99506,1.204,0.17184,1,1,1.204,0.16547,1,0,NA,NA,NA
map01220,35,3.3604,0.00026111,0.021366,-3.3604,0.99974,1,-0.15363,0.73824,1,27,0.67003,0.73364,1,8,-1.5523,0.88754,1
map04740,3,-0.65511,0.69154,1,0.65511,0.30846,0.57711,-1.1626,0.86981,1,0,NA,NA,NA,3,-1.1626,0.82601,1
map04713,5,-1.0855,0.78553,1,1.0855,0.21447,0.51922,-0.95405,0.83682,1,0,NA,NA,NA,5,-0.95405,0.77081,1
map00281,6,1.0458,0.13102,1,-1.0458,0.86898,0.96744,-0.17276,0.63103,1,5,-0.39476,0.82664,1,1,0.45952,0.36386,1
map05160,11,-1.5413,0.86702,1,1.5413,0.13298,0.48889,-0.17377,0.6679,1,1,0.56186,0.36336,1,10,-0.35992,0.56972,1
map04310,12,-1.4639,0.84497,1,1.4639,0.15503,0.48889,-1.3197,0.92546,1,1,-0.18775,0.64709,1,11,-1.3217,0.85559,1
map00901,1,-0.24565,0.54388,1,0.24565,0.45612,0.66551,-0.86307,0.80725,1,0,NA,NA,NA,1,-0.86307,0.78021,1
map04210,9,-1.2341,0.82242,1,1.2341,0.17758,0.48889,-1.4539,0.94253,1,1,-0.96701,0.87143,1,8,-1.2002,0.82149,1
map00061,22,-0.88037,0.63808,1,0.88037,0.36192,0.59834,2.4129,0.051656,0.81457,11,0.83436,0.4941,1,11,2.578,0.021182,0.34863
map00562,23,-0.97931,0.68196,1,0.97931,0.31804,0.57711,-1.0082,0.9078,1,6,0.43001,0.55508,1,17,-1.4282,0.85344,1
map00600,19,-2.2932,0.96511,1,2.2932,0.034885,0.48889,-1.7703,0.97697,1,4,-2.531,0.99904,1,15,-0.68535,0.67594,1
map00030,49,-0.62917,0.5217,1,0.62917,0.4783,0.67766,2.0859,0.085727,0.92495,24,1.1018,0.52876,1,25,1.8407,0.056808,0.63012
map04722,11,-1.1727,0.78109,1,1.1727,0.21891,0.51922,-1.9546,0.97974,1,1,-0.63979,0.7927,1,10,-1.8477,0.92021,1
map00966,2,1.5799,0.05243,0.93463,-1.5799,0.94757,0.99958,0.88863,0.25388,1,2,0.88863,0.24981,1,0,NA,NA,NA
map00052,46,-2.9433,0.98692,1,2.9433,0.013078,0.30556,2.2399,0.078762,0.92495,21,-0.62197,0.9604,1,25,3.6084,0.001156,0.032617
map00511,11,-0.37562,0.51919,1,0.37562,0.48081,0.67766,-0.17928,0.66971,1,7,-1.2673,0.97568,1,4,1.3791,0.12098,0.97242
map00270,69,-0.43515,0.42028,1,0.43515,0.57972,0.75695,1.1021,0.33937,1,31,1.2009,0.56715,1,38,0.40036,0.34821,1
map04070,12,-0.84759,0.67753,1,0.84759,0.32247,0.57711,-0.39902,0.73422,1,2,1.1928,0.15856,1,10,-0.97053,0.752,1
map00981,1,0.52055,0.28675,1,-0.52055,0.71325,0.87033,-0.26029,0.63256,1,1,-0.26029,0.67286,1,0,NA,NA,NA
map05212,5,-1.2503,0.82442,1,1.2503,0.17558,0.48889,-0.58702,0.74633,1,0,NA,NA,NA,5,-0.58702,0.67667,1
map04341,5,-0.76901,0.69832,1,0.76901,0.30168,0.57711,-1.5576,0.93387,1,0,NA,NA,NA,5,-1.5576,0.8863,1
map00523,5,-1.4255,0.86052,1,1.4255,0.13948,0.48889,0.43945,0.4099,1,2,-1.0527,0.91944,1,3,1.4269,0.11936,0.97242
map00960,11,-0.72832,0.64436,1,0.72832,0.35564,0.59834,0.42391,0.45713,1,4,0.53381,0.48044,1,7,0.12788,0.42211,1
map04370,8,-1.4144,0.84892,1,1.4144,0.15108,0.48889,-1.1476,0.88386,1,0,NA,NA,NA,8,-1.1476,0.80985,1
map00910,38,0.57877,0.16739,1,-0.57877,0.83261,0.949,0.2884,0.59969,1,21,0.52407,0.70985,1,17,-0.15129,0.50268,1
map00780,16,0.71648,0.18044,1,-0.71648,0.81956,0.94501,3.6772,0.0018686,0.085127,9,2.835,0.010612,0.65517,7,2.3447,0.029704,0.43456
map00540,47,5.9601,1.54E-08,6.33E-06,-5.9601,1,1,2.5456,0.035218,0.65634,41,2.9907,0.072721,1,6,-0.69336,0.70668,1
map05133,14,1.4115,0.060764,0.97669,-1.4115,0.93924,0.99506,-1.9851,0.97663,1,9,-0.59779,0.92086,1,5,-2.5196,0.97436,1
map05033,1,-0.65507,0.68078,1,0.65507,0.31922,0.57711,-0.031142,0.55466,1,0,NA,NA,NA,1,-0.031142,0.52701,1
map05203,32,-1.9107,0.87683,1,1.9107,0.12317,0.48889,-2.7778,0.99851,1,4,-0.63053,0.87447,1,28,-2.7313,0.98499,1
map04261,10,-0.95253,0.73198,1,0.95253,0.26802,0.56121,-1.2985,0.90251,1,1,0.56186,0.36336,1,9,-1.5561,0.87646,1
map00362,27,1.5657,0.039463,0.82779,-1.5657,0.96054,1,0.18237,0.60415,1,17,0.97647,0.49697,1,10,-0.9735,0.75278,1
map05416,3,-0.83746,0.74486,1,0.83746,0.25514,0.55637,-0.73187,0.76729,1,0,NA,NA,NA,3,-0.73187,0.72119,1
map05030,3,-0.56731,0.66423,1,0.56731,0.33577,0.58818,-1.1778,0.87275,1,0,NA,NA,NA,3,-1.1778,0.82918,1
map05032,4,-1.2546,0.81875,1,1.2546,0.18125,0.48889,-0.16925,0.65259,1,0,NA,NA,NA,4,-0.16925,0.53687,1
map04721,18,-1.5978,0.88499,1,1.5978,0.11501,0.48889,-1.514,0.95581,1,2,-0.23665,0.70142,1,16,-1.5222,0.87532,1
map00410,25,-1.1674,0.71894,1,1.1674,0.28106,0.5631,1.0136,0.28982,1,10,0.39753,0.65456,1,15,0.98399,0.18721,1
map04390,8,-0.88299,0.7118,1,0.88299,0.2882,0.57083,-0.79768,0.81293,1,1,0.56186,0.36336,1,7,-1.0651,0.76184,1
map04072,13,-1.9158,0.92419,1,1.9158,0.075812,0.48889,-0.84936,0.8423,1,1,-0.86307,0.84905,1,12,-0.6349,0.69315,1
map05215,4,-0.88318,0.72229,1,0.88318,0.27771,0.56245,-0.7658,0.82446,1,1,-1.2681,0.92294,1,3,-0.15214,0.5448,1
map04112,15,-1.0465,0.74081,1,1.0465,0.25919,0.55637,0.23789,0.52286,1,5,0.65094,0.44406,1,10,-0.16893,0.50704,1
map03018,62,-3.2067,0.98899,1,3.2067,0.011013,0.2822,-0.54632,0.83697,1,8,2.1613,0.067468,1,54,-1.4173,0.85052,1
map04922,18,-0.57074,0.59908,1,0.57074,0.40092,0.61828,-1.3906,0.94442,1,6,-0.15078,0.77356,1,12,-1.5965,0.90064,1
map00510,29,-2.2765,0.96466,1,2.2765,0.03534,0.48889,-2.4743,0.99585,1,2,-0.54023,0.80322,1,27,-2.4172,0.96539,1
map05150,6,-0.64948,0.64118,1,0.64948,0.35882,0.59834,-0.95355,0.85057,1,1,-0.078861,0.60714,1,5,-1.0093,0.78352,1
map05161,8,-1.5406,0.87371,1,1.5406,0.12629,0.48889,-0.74519,0.80035,1,0,NA,NA,NA,8,-0.74519,0.70644,1
map03022,32,-2.0245,0.89536,1,2.0245,0.10464,0.48889,-2.4931,0.99669,1,3,0.056851,0.61496,1,29,-2.6372,0.97118,1
map05168,12,-1.5061,0.85384,1,1.5061,0.14616,0.48889,-0.7314,0.82138,1,1,0.44354,0.40721,1,11,-0.89766,0.76565,1
map04024,8,-1.1746,0.79339,1,1.1746,0.20661,0.51276,-1.168,0.8873,1,1,-0.63979,0.7927,1,7,-1.0068,0.74787,1
map02024,92,0.11098,0.22891,1,-0.11098,0.77109,0.91607,1.6269,0.25944,1,40,3.0044,0.057048,1,52,-0.47115,0.59105,1
map04392,6,-0.70201,0.65821,1,0.70201,0.34179,0.5888,-0.62289,0.77054,1,1,0.33786,0.44739,1,5,-0.83343,0.74166,1
map00100,16,-0.78813,0.63188,1,0.78813,0.36812,0.59845,-3.0186,0.99721,1,2,-0.31453,0.72966,1,14,-3.1082,0.99522,1
map00261,11,-0.4444,0.54416,1,0.4444,0.45584,0.66551,-1.4162,0.94067,1,5,-1.1703,0.95934,1,6,-0.84928,0.74876,1
map04730,5,-0.79778,0.70687,1,0.79778,0.29313,0.57504,0.33596,0.44512,1,1,0.56186,0.36336,1,4,0.094684,0.45119,1
map05017,49,-2.0697,0.90946,1,2.0697,0.090542,0.48889,-2.8271,0.9986,1,6,0.47039,0.53822,1,43,-3.1937,0.9946,1
map00513,28,-1.6127,0.84559,1,1.6127,0.15441,0.48889,-3.0138,0.99894,1,3,-0.42915,0.78617,1,25,-3.0408,0.9931,1
map04723,16,-0.92119,0.67271,1,0.92119,0.32729,0.57839,-2.5795,0.9918,1,5,-2.1328,0.99692,1,11,-1.673,0.90973,1
map00525,2,-0.9595,0.74412,1,0.9595,0.25588,0.55637,1.6583,0.095538,0.97927,1,0.35433,0.44108,1,1,1.9909,0.049865,0.59687
map00363,1,-0.16377,0.51527,1,0.16377,0.48473,0.67766,-1.126,0.86404,1,0,NA,NA,NA,1,-1.126,0.84032,1
map00997,4,1.1932,0.11415,1,-1.1932,0.88585,0.96853,-0.42415,0.7334,1,3,0.38321,0.48242,1,1,-1.512,0.90708,1
map04391,8,-0.76512,0.67498,1,0.76512,0.32502,0.57711,-0.99298,0.85529,1,1,0.56186,0.36336,1,7,-1.2739,0.8082,1
map00405,6,-1.2942,0.82269,1,1.2942,0.17731,0.48889,-1.182,0.89343,1,0,NA,NA,NA,6,-1.182,0.82672,1
map02030,25,-6.7192,1,1,6.7192,6.49E-08,1.33E-05,7.6601,1.34E-10,2.74E-08,9,0.27443,0.67975,1,16,9.3692,4.15E-14,8.20E-12
map00400,48,-2.2135,0.92549,1,2.2135,0.074506,0.48889,1.038,0.35835,1,18,0.28768,0.75092,1,30,1.0901,0.15875,1
map04530,21,-1.4422,0.82706,1,1.4422,0.17294,0.48889,-1.5506,0.95997,1,2,0.80556,0.27885,1,19,-1.8915,0.93248,1
map03410,30,-2.7326,0.97548,1,2.7326,0.024519,0.48889,1.3329,0.22546,1,8,0.19547,0.68242,1,22,1.4387,0.12309,0.97242
map05226,6,-0.58501,0.6199,1,0.58501,0.3801,0.60639,-1.2547,0.905,1,1,0.28795,0.46659,1,5,-1.5032,0.87802,1
map00140,3,-0.087798,0.50321,1,0.087798,0.49679,0.6835,-0.57979,0.72251,1,1,0.0063277,0.57505,1,2,-0.71457,0.68807,1
map04330,3,-0.33093,0.58667,1,0.33093,0.41333,0.63234,-1.9249,0.96603,1,0,NA,NA,NA,3,-1.9249,0.9408,1
map00760,38,0.67365,0.14717,1,-0.67365,0.85283,0.96061,0.16307,0.64194,1,20,0.67506,0.66791,1,18,-0.47464,0.61006,1
map00340,28,-1.3662,0.78711,1,1.3662,0.21289,0.51922,1.0144,0.29848,1,11,0.38609,0.6833,1,17,0.99126,0.17671,1
map01040,11,0.24336,0.30257,1,-0.24336,0.69743,0.85613,-0.88894,0.86047,1,4,0.53636,0.4794,1,7,-1.5198,0.85511,1
map04929,3,-1.2596,0.84723,1,1.2596,0.15277,0.48889,0.11645,0.48044,1,0,NA,NA,NA,3,0.11645,0.45738,1
map05135,16,-0.81153,0.63918,1,0.81153,0.36082,0.59834,-2.3414,0.98603,1,3,-0.62633,0.84048,1,13,-2.2966,0.95986,1
map04144,58,-2.3815,0.93532,1,2.3815,0.064681,0.48889,-3.8544,0.99998,1,6,-0.047844,0.73961,1,52,-4.0544,0.99942,1
map04934,7,-0.76489,0.68969,1,0.76489,0.31031,0.57711,-0.60548,0.75496,1,2,-0.55668,0.80806,1,5,-0.36434,0.6128,1
map05221,3,-1.0941,0.81086,1,1.0941,0.18914,0.49393,-0.15214,0.57832,1,0,NA,NA,NA,3,-0.15214,0.5448,1
map05200,27,-1.0806,0.72152,1,1.0806,0.27848,0.56245,-2.5317,0.99532,1,5,0.10571,0.66396,1,22,-2.8551,0.99056,1
map03040,63,-2.2785,0.91872,1,2.2785,0.081279,0.48889,-3.389,0.99979,1,9,-0.070702,0.79968,1,54,-3.6316,0.99804,1
map05145,4,-0.95921,0.74388,1,0.95921,0.25612,0.55637,-0.80818,0.83419,1,0,NA,NA,NA,4,-0.80818,0.73026,1
map00450,20,-1.3759,0.82913,1,1.3759,0.17087,0.48889,0.88094,0.31873,1,9,-0.60926,0.92267,1,11,1.739,0.086137,0.77626
map05165,30,-1.8474,0.88171,1,1.8474,0.11829,0.48889,-2.0251,0.98785,1,4,-0.18438,0.75464,1,26,-2.103,0.95374,1
map04620,2,-0.45907,0.58208,1,0.45907,0.41792,0.63448,-1.0338,0.82866,1,0,NA,NA,NA,2,-1.0338,0.77292,1
map04110,49,-2.4081,0.94937,1,2.4081,0.050625,0.48889,-3.5437,0.99985,1,6,-0.5217,0.87318,1,43,-3.588,0.99804,1
map03320,8,-1.4372,0.85361,1,1.4372,0.14639,0.48889,-0.65905,0.77864,1,2,-1.0987,0.92653,1,6,-0.1267,0.53294,1
map00590,5,0.89195,0.18275,1,-0.89195,0.81725,0.94501,-0.35551,0.67798,1,3,0.39786,0.4764,1,2,-1.0494,0.77671,1
map00643,13,-1.1761,0.77438,1,1.1761,0.22562,0.5197,-2.1204,0.98429,1,2,-1.007,0.91188,1,11,-1.8758,0.93316,1
map04714,68,-2.0548,0.88363,1,2.0548,0.11637,0.48889,-5.9795,1,1,10,-2.1186,0.9989,1,58,-5.5948,1,1
map05152,19,-2.2636,0.96298,1,2.2636,0.037022,0.48889,-1.7045,0.97344,1,0,NA,NA,NA,19,-1.7045,0.90966,1
map00240,65,0.64203,0.12568,1,-0.64203,0.87432,0.96744,2.5247,0.042963,0.76586,35,2.1971,0.1818,1,30,1.3432,0.11385,0.97242
map00740,25,-0.30765,0.44113,1,0.30765,0.55887,0.74154,0.75183,0.37186,1,11,0.6319,0.58211,1,14,0.44456,0.35261,1
map00603,3,-0.54029,0.65565,1,0.54029,0.34435,0.59073,-0.58416,0.72385,1,2,-1.3819,0.96024,1,1,0.94257,0.22435,1
map00472,1,0.10528,0.42149,1,-0.10528,0.57851,0.75695,-1.3797,0.9068,1,1,-1.3797,0.9374,1,0,NA,NA,NA
map00640,72,-0.51973,0.44358,1,0.51973,0.55642,0.74154,1.0401,0.40119,1,36,0.66951,0.77621,1,36,0.80143,0.20667,1
map04978,5,-0.91026,0.73915,1,0.91026,0.26085,0.55703,-1.0814,0.86258,1,1,-1.126,0.90101,1,4,-0.64604,0.68487,1
map00790,48,1.1675,0.069083,0.97669,-1.1675,0.93092,0.99506,0.33686,0.60941,1,29,0.48075,0.78664,1,19,-0.058513,0.48683,1
map04611,7,-0.72731,0.67803,1,0.72731,0.32197,0.57711,-1.7074,0.9481,1,1,-0.63979,0.7927,1,6,-1.583,0.89753,1
map05146,7,-0.55045,0.62099,1,0.55045,0.37901,0.60639,0.054408,0.55146,1,2,0.5697,0.3692,1,5,-0.29593,0.59245,1
map04744,2,-0.45493,0.58063,1,0.45493,0.41937,0.63448,-1.2019,0.8621,1,0,NA,NA,NA,2,-1.2019,0.81179,1
map05012,93,-2.4266,0.91977,1,2.4266,0.080225,0.48889,-5.3254,1,1,14,-0.77417,0.95579,1,79,-5.4522,0.99998,1
map01110,582,-2.052,0.53466,1,2.052,0.46534,0.67655,2.8218,0.22988,1,263,2.7447,0.89441,1,319,1.3193,0.084141,0.77626
map00250,49,0.16126,0.25798,1,-0.16126,0.74202,0.90008,1.9046,0.11375,1,24,1.9068,0.22171,1,25,0.79823,0.23626,1
map04011,64,-3.6767,0.99461,1,3.6767,0.0053908,0.22011,-2.2132,0.99421,1,5,-0.23703,0.78166,1,59,-2.236,0.9504,1
map05163,13,-1.7844,0.9054,1,1.7844,0.094601,0.48889,-1.4946,0.94369,1,0,NA,NA,NA,13,-1.4946,0.86756,1
map04111,119,-4.3612,0.99858,1,4.3612,0.0014165,0.072594,-4.0015,1,1,12,-0.29857,0.88055,1,107,-4.1199,0.99957,1
map05222,2,-0.52111,0.60367,1,0.52111,0.39633,0.61828,-0.83227,0.7823,1,0,NA,NA,NA,2,-0.83227,0.72092,1
map05218,2,-0.97604,0.74887,1,0.97604,0.25113,0.55637,0.0052179,0.53112,1,0,NA,NA,NA,2,0.0052179,0.46348,1
map00770,32,-0.96777,0.64104,1,0.96777,0.35896,0.59834,2.091,0.08418,0.92495,15,0.9299,0.51031,1,17,1.9954,0.040107,0.52051
map04622,4,-0.5147,0.60689,1,0.5147,0.39311,0.61828,-1.7586,0.96648,1,0,NA,NA,NA,4,-1.7586,0.91753,1
map04724,9,-1.2614,0.82895,1,1.2614,0.17105,0.48889,0.64745,0.36513,1,1,1.848,0.05516,1,8,0.033346,0.45867,1
map01100,1813,-2.0426,0.061289,0.97669,2.0426,0.93871,0.99506,3.3345,0.60416,1,826,4.719,0.99307,1,987,0.20231,0.18811,1
map05020,93,-2.3945,0.91545,1,2.3945,0.084548,0.48889,-5.3379,1,1,14,-0.77004,0.95539,1,79,-5.4675,0.99998,1
map04726,7,-1.4082,0.85442,1,1.4082,0.14558,0.48889,-0.7658,0.79572,1,0,NA,NA,NA,7,-0.7658,0.68589,1
map00785,4,2.5092,0.0095898,0.32765,-2.5092,0.99041,1,1.2257,0.19193,1,3,2.2883,0.022343,0.87975,1,-1.512,0.90708,1
map04141,66,-3.3823,0.98659,1,3.3823,0.013415,0.30556,-2.8184,0.99922,1,6,-0.43911,0.85418,1,60,-2.8171,0.98476,1
map01522,5,-1.1378,0.79839,1,1.1378,0.20161,0.50711,-0.77165,0.7948,1,0,NA,NA,NA,5,-0.77165,0.72602,1
map04071,17,-1.6938,0.8964,1,1.6938,0.1036,0.48889,-1.6789,0.96101,1,1,0.56186,0.36336,1,16,-1.871,0.92333,1
map00360,48,0.65595,0.14918,1,-0.65595,0.85082,0.96061,-0.64113,0.87929,1,28,-0.75105,0.98733,1,20,-0.10459,0.49756,1
map04320,3,-1.0941,0.81086,1,1.0941,0.18914,0.49393,-0.15214,0.57832,1,0,NA,NA,NA,3,-0.15214,0.5448,1
map00364,3,1.8877,0.044025,0.85954,-1.8877,0.95597,1,1.0166,0.19062,1,3,1.0166,0.24294,1,0,NA,NA,NA
map03460,18,-1.3386,0.83166,1,1.3386,0.16834,0.48889,-1.5743,0.96064,1,4,-0.64413,0.87733,1,14,-1.4408,0.88446,1
map04139,25,-2.5712,0.96147,1,2.5712,0.038535,0.48889,-0.98461,0.88072,1,2,-0.044041,0.62645,1,23,-1.0135,0.77669,1
map00380,28,1.5132,0.036854,0.82779,-1.5132,0.96315,1,-0.44891,0.78228,1,15,1.0805,0.4441,1,13,-1.8195,0.91494,1
map04666,19,-1.5874,0.87828,1,1.5874,0.12172,0.48889,-1.4297,0.95345,1,3,-0.7787,0.87564,1,16,-1.2208,0.81949,1
map01230,188,-4.9162,0.99935,1,4.9162,0.00064994,0.043958,3.4386,0.016847,0.39259,72,0.45063,0.96021,1,116,4.0225,0.00034045,0.019211
map00330,57,-0.12163,0.3256,1,0.12163,0.6744,0.84044,1.0301,0.37833,1,25,1.6767,0.29156,1,32,-0.10726,0.49189,1
map00791,6,-0.53964,0.6047,1,0.53964,0.3953,0.61828,-0.22304,0.648,1,3,-0.89326,0.89823,1,3,0.57784,0.31413,1
map00660,14,1.6304,0.04038,0.82779,-1.6304,0.95962,1,1.2521,0.18484,1,11,0.53642,0.62249,1,3,1.6777,0.083298,0.77626
map04013,10,-0.31628,0.51997,1,0.31628,0.48003,0.67766,-1.1269,0.87409,1,2,0.90226,0.2452,1,8,-1.711,0.91076,1
map05143,4,0.19009,0.36773,1,-0.19009,0.63227,0.80201,0.065569,0.5713,1,2,0.24057,0.5072,1,2,-0.14784,0.5128,1
map02040,45,-8.9273,1,1,8.9273,1.83E-13,7.51E-11,9.9814,1.11E-16,4.55E-14,12,1.5729,0.21906,1,33,10.707,0,0
map00053,19,2.7105,0.0027759,0.14226,-2.7105,0.99722,1,-0.83566,0.8705,1,18,-0.65513,0.95093,1,1,-0.86307,0.78021,1
map00920,54,1.0267,0.072752,0.99427,-1.0267,0.92725,0.99506,0.96875,0.37743,1,33,0.33234,0.85701,1,21,1.1369,0.17079,1
map00332,2,0.26469,0.32924,1,-0.26469,0.67076,0.83845,-1.4763,0.90654,1,2,-1.4763,0.96816,1,0,NA,NA,NA
map04022,8,-1.2283,0.80678,1,1.2283,0.19322,0.49659,-1.5856,0.94263,1,0,NA,NA,NA,8,-1.5856,0.89274,1
map00072,7,-0.66541,0.65846,1,0.66541,0.34154,0.5888,0.66084,0.34973,1,3,0.24989,0.53718,1,4,0.6578,0.28033,1
map04520,7,-1.2756,0.82639,1,1.2756,0.17361,0.48889,-1.2261,0.88832,1,0,NA,NA,NA,7,-1.2261,0.79811,1
map05224,3,-1.0941,0.81086,1,1.0941,0.18914,0.49393,-0.15214,0.57832,1,0,NA,NA,NA,3,-0.15214,0.5448,1
map04659,5,-0.64869,0.66144,1,0.64869,0.33856,0.58818,-1.661,0.94464,1,1,-1.2681,0.92294,1,4,-1.223,0.82942,1
map04136,11,-0.95581,0.71832,1,0.95581,0.28168,0.5631,-0.6674,0.811,1,2,0.24012,0.5074,1,9,-0.85103,0.7278,1
map00520,89,-3.4874,0.99302,1,3.4874,0.006979,0.22011,2.2196,0.11586,1,38,-0.59782,0.9864,1,51,3.4481,0.0011353,0.032617
map05202,7,-1.1319,0.7924,1,1.1319,0.2076,0.51276,-1.4517,0.92064,1,0,NA,NA,NA,7,-1.4517,0.84297,1
map04142,22,-0.50004,0.50561,1,0.50004,0.49439,0.68249,-2.4871,0.9922,1,8,-1.4847,0.98452,1,14,-1.9954,0.95166,1
map00220,38,-1.557,0.82376,1,1.557,0.17624,0.48889,1.6277,0.17492,1,15,0.98391,0.48651,1,23,1.2977,0.11932,0.97242
map05213,4,-0.95044,0.74144,1,0.95044,0.25856,0.55637,-1.4316,0.93765,1,0,NA,NA,NA,4,-1.4316,0.86906,1
map05120,18,-1.5027,0.86702,1,1.5027,0.13298,0.48889,-1.3487,0.94007,1,3,-0.4948,0.80534,1,15,-1.2561,0.8202,1
map04624,5,0.86841,0.18815,1,-0.86841,0.81185,0.94501,-1.3518,0.90769,1,3,-0.16453,0.69863,1,2,-1.9358,0.93029,1
map00062,7,-0.73394,0.6801,1,0.73394,0.3199,0.57711,-1.822,0.95765,1,1,-0.83063,0.84156,1,6,-1.6288,0.90403,1
map00623,2,0.69067,0.20494,1,-0.69067,0.79506,0.93403,0.24046,0.45261,1,1,0.91367,0.24489,1,1,-0.5736,0.70109,1
map03060,37,-2.3116,0.93626,1,2.3116,0.063736,0.48889,0.49252,0.48188,1,9,0.87934,0.42559,1,28,0.067632,0.46837,1
map04020,10,-1.2226,0.80516,1,1.2226,0.19484,0.49659,-0.90498,0.82945,1,1,0.33786,0.44739,1,9,-1.0665,0.78074,1
map05414,2,-0.45907,0.58208,1,0.45907,0.41792,0.63448,-1.0338,0.82866,1,0,NA,NA,NA,2,-1.0338,0.77292,1
map04973,2,1.0836,0.11969,1,-1.0836,0.88031,0.96853,0.089082,0.50311,1,2,0.089082,0.57146,1,0,NA,NA,NA
map04913,2,-0.39703,0.56023,1,0.39703,0.43977,0.65328,-1.346,0.88698,1,0,NA,NA,NA,2,-1.346,0.8416,1
map04727,10,-0.39396,0.54756,1,0.39396,0.45244,0.66551,1.025,0.23125,1,3,1.5555,0.10522,1,7,0.20682,0.39873,1
map04658,4,-0.7896,0.69455,1,0.7896,0.30545,0.57711,-1.223,0.91093,1,0,NA,NA,NA,4,-1.223,0.82942,1
map00195,31,-2.3678,0.9467,1,2.3678,0.053303,0.48889,-2.0568,0.98315,1,14,-3.8454,1,1,17,0.71211,0.24208,1
map04932,31,-1.6146,0.83511,1,1.6146,0.16489,0.48889,-3.3404,0.99941,1,4,-1.0133,0.93836,1,27,-3.1893,0.99193,1
map00900,34,-2.5047,0.96493,1,2.5047,0.035066,0.48889,0.75042,0.41473,1,9,1.1196,0.32721,1,25,0.20336,0.4108,1
map05223,5,-1.2765,0.83016,1,1.2765,0.16984,0.48889,-0.54436,0.73433,1,0,NA,NA,NA,5,-0.54436,0.66476,1
map05167,13,-1.4113,0.83391,1,1.4113,0.16609,0.48889,-1.4467,0.93861,1,1,-0.031142,0.58924,1,12,-1.4967,0.88575,1
map05225,10,-0.28853,0.51008,1,0.28853,0.48992,0.67861,0.14551,0.51353,1,3,0.95374,0.26365,1,7,-0.45045,0.5964,1
map00983,17,0.44543,0.24506,1,-0.44543,0.75494,0.90711,0.96368,0.30504,1,9,1.1264,0.32458,1,8,0.21009,0.40105,1
map02010,311,0.042452,0.087688,1,-0.042452,0.91231,0.99049,7.1295,1.73E-07,2.37E-05,185,3.3008,0.44883,1,126,7.2014,1.60E-10,2.11E-08
map01051,1,-2.8308,0.99137,1,2.8308,0.0086254,0.2526,2.6014,0.014865,0.38091,0,NA,NA,NA,1,2.6014,0.015247,0.27375
map03050,38,-1.649,0.8441,1,1.649,0.1559,0.48889,-2.9201,0.99902,1,6,-0.46116,0.85943,1,32,-2.9824,0.99068,1
map00903,4,0.85978,0.17967,1,-0.85978,0.82033,0.94501,-1.2489,0.91465,1,4,-1.2489,0.96274,1,0,NA,NA,NA
map00965,1,-0.24565,0.54388,1,0.24565,0.45612,0.66551,-0.86307,0.80725,1,0,NA,NA,NA,1,-0.86307,0.78021,1
map01120,509,-0.70541,0.1586,1,0.70541,0.8414,0.9556,2.9124,0.16419,1,256,1.7271,0.9884,1,253,2.3936,0.012103,0.22766
map00950,9,-0.29634,0.52098,1,0.29634,0.47902,0.67766,1.3768,0.15587,1,3,1.9744,0.046083,1,6,0.29008,0.3988,1
map04150,25,-1.8412,0.87494,1,1.8412,0.12506,0.48889,-3.1108,0.99874,1,1,-0.45007,0.73626,1,24,-3.0831,0.99138,1
map04010,15,-1.4936,0.85461,1,1.4936,0.14539,0.48889,-1.1449,0.89732,1,2,-0.26664,0.71245,1,13,-1.1252,0.79469,1
map05418,12,-0.048964,0.3984,1,0.048964,0.6016,0.77321,-1.3383,0.92776,1,4,0.15802,0.63203,1,8,-1.7509,0.91598,1
map05211,8,-0.73617,0.66565,1,0.73617,0.33435,0.58818,-1.2102,0.8942,1,2,-0.55668,0.80806,1,6,-1.076,0.80373,1
map00040,35,3.305,0.00031267,0.021366,-3.305,0.99969,1,0.82316,0.4141,1,25,1.637,0.30645,1,10,-1.0484,0.77193,1
map00430,14,0.74563,0.17202,1,-0.74563,0.82798,0.94846,-1.6363,0.9533,1,8,-0.42608,0.86371,1,6,-2.0075,0.94662,1
map04924,4,-0.75158,0.68294,1,0.75158,0.31706,0.57711,-1.405,0.93464,1,0,NA,NA,NA,4,-1.405,0.8644,1
map04140,23,-2.116,0.93008,1,2.116,0.069915,0.48889,-0.98673,0.90452,1,2,0.24012,0.5074,1,21,-1.1068,0.80871,1
map00720,58,0.32256,0.22469,1,-0.32256,0.77531,0.91607,2.5867,0.047545,0.77973,36,0.73009,0.75688,1,22,3.266,0.0039959,0.09865